tig,fam,start,end
K200080_1_haplotype1-0000006_chr14,bSat,350475,449643
K200080_1_haplotype1-0000006_chr14,HSat1B,1056770,1178802
K200080_1_haplotype1-0000006_chr14,HSat3,1183675,1238327
K200080_1_haplotype1-0000006_chr14,HSat3,1717104,2672775
K200080_1_haplotype1-0000006_chr14,aSat,6891030,7948650
K200080_1_haplotype1-0000016_chr22,rDNA,31,221698
K200080_1_haplotype1-0000016_chr22,rDNA,316662,562099
K200080_1_haplotype1-0000016_chr22,bSat,930509,997294
K200080_1_haplotype1-0000016_chr22,HSat1B,1337926,1455156
K200080_1_haplotype1-0000016_chr22,HSat3,1456169,1661754
K200080_1_haplotype1-0000016_chr22,ACRO,1773370,1881025
K200080_1_haplotype1-0000016_chr22,bSat,2322564,2491032
K200080_1_haplotype1-0000016_chr22,HSat3,2821073,2905735
K200080_1_haplotype1-0000016_chr22,bSat,3240679,3343183
K200080_1_haplotype1-0000016_chr22,bSat,3522407,3582816
K200080_1_haplotype1-0000016_chr22,HSat3,4671416,4765452
K200080_1_haplotype1-0000016_chr22,aSat,6655185,9669324
K200080_1_haplotype1-0000024_chr13,rDNA,186,310420
K200080_1_haplotype1-0000024_chr13,bSat,675056,736118
K200080_1_haplotype1-0000024_chr13,HSat3,761310,855256
K200080_1_haplotype1-0000024_chr13,HSat1B,1133431,1234583
K200080_1_haplotype1-0000024_chr13,HSat3,1239395,1426726
K200080_1_haplotype1-0000024_chr13,HSat3,1647468,1769649
K200080_1_haplotype1-0000024_chr13,SST1,3462837,3556366
K200080_1_haplotype1-0000024_chr13,OTHERSAT,4068760,4122743
K200080_1_haplotype1-0000024_chr13,HSat1A,5090106,5309104
K200080_1_haplotype1-0000026_chr15,HSat3,44165,204670
K200080_1_haplotype1-0000026_chr15,bSat,209585,828535
K200080_1_haplotype1-0000026_chr15,ACRO,1129534,1216648
K200080_1_haplotype1-0000026_chr15,DJ,1315323,1646840
K200080_1_haplotype1-0000026_chr15,rDNA,1785325,2010388
K200080_1_haplotype1-0000026_chr15,bSat,2375278,2436408
K200080_1_haplotype1-0000026_chr15,HSat3,2461981,2519885
K200080_1_haplotype1-0000026_chr15,HSat1B,2829517,3112716
K200080_1_haplotype1-0000026_chr15,HSat3,3118048,3261043
K200080_1_haplotype1-0000026_chr15,HSat3,3747881,6845168
K200080_1_haplotype1-0000026_chr15,aSat,9597260,10008374
K200080_1_haplotype1-0000030_chr21,HSat1A,0,80119
K200080_2_haplotype2-0000055_chr14,rDNA,29,181735
K200080_2_haplotype2-0000055_chr14,bSat,481944,544029
K200080_2_haplotype2-0000055_chr14,HSat3,558843,808492
K200080_2_haplotype2-0000055_chr14,HSat1B,1153108,1260793
K200080_2_haplotype2-0000055_chr14,HSat3,1266021,1528750
K200080_2_haplotype2-0000055_chr14,aSat,6154422,6417768
K200080_2_haplotype2-0000063_chr22,ACRO,66202,221486
K200080_2_haplotype2-0000063_chr22,bSat,488794,784766
K200080_2_haplotype2-0000063_chr22,HSat3,911739,1249294
K200080_2_haplotype2-0000063_chr22,HSat1A,1249662,1315958
K200080_2_haplotype2-0000063_chr22,HSat3,1342924,1495463
K200080_2_haplotype2-0000063_chr22,ACRO,1705705,1767056
K200080_2_haplotype2-0000063_chr22,OTHERSAT,2085931,2143345
K200080_2_haplotype2-0000063_chr22,DJ,2170372,2503552
K200080_2_haplotype2-0000063_chr22,rDNA,2503552,2558608
K200080_2_haplotype2-0000063_chr22,rDNA,2658608,2712010
K200080_2_haplotype2-0000063_chr22,bSat,3079922,3147209
K200080_2_haplotype2-0000063_chr22,HSat3,3172209,3223238
K200080_2_haplotype2-0000063_chr22,HSat1B,3508653,3581649
K200080_2_haplotype2-0000063_chr22,HSat3,3582317,3753352
K200080_2_haplotype2-0000063_chr22,ACRO,3998001,4067776
K200080_2_haplotype2-0000063_chr22,bSat,4516075,4602530
K200080_2_haplotype2-0000063_chr22,HSat3,5007077,5091622
K200080_2_haplotype2-0000063_chr22,bSat,5426278,5527261
K200080_2_haplotype2-0000063_chr22,bSat,5587873,5702186
K200080_2_haplotype2-0000063_chr22,HSat3,6793725,6891355
K200080_2_haplotype2-0000063_chr22,aSat,9012303,9551400
K200080_2_haplotype2-0000071_chr15,HSat3,307346,369098
K200080_2_haplotype2-0000071_chr15,bSat,409736,508904
K200080_2_haplotype2-0000071_chr15,HSat1B,1115066,1705797
K200080_2_haplotype2-0000071_chr15,HSat3,1713575,1840840
K200080_2_haplotype2-0000071_chr15,HSat3,2134977,8249598
K200080_2_haplotype2-0000075_chr13,rDNA,0,94541
K200080_2_haplotype2-0000075_chr13,bSat,459362,520492
K200080_2_haplotype2-0000075_chr13,HSat3,545611,639704
K200080_2_haplotype2-0000075_chr13,HSat1B,917885,994951
K200080_2_haplotype2-0000075_chr13,HSat3,999621,1198428
K200080_2_haplotype2-0000075_chr13,HSat3,1420402,1564027
K200080_2_haplotype2-0000075_chr13,HSat1A,4766506,4960283
K200081_1_haplotype1-0000011_chr15,HSat3,312993,374745
K200081_1_haplotype1-0000011_chr15,bSat,415383,514551
K200081_1_haplotype1-0000011_chr15,HSat1B,1120716,1711447
K200081_1_haplotype1-0000011_chr15,HSat3,1719225,1853361
K200081_1_haplotype1-0000011_chr15,HSat3,2140627,5270257
K200081_1_haplotype1-0000019_chr22,ACRO,65619,239318
K200081_1_haplotype1-0000019_chr22,bSat,469684,631758
K200081_1_haplotype1-0000019_chr22,bSat,810580,1134302
K200081_1_haplotype1-0000019_chr22,HSat3,1140659,1405511
K200081_1_haplotype1-0000019_chr22,HSat1A,1406568,1469494
K200081_1_haplotype1-0000019_chr22,HSat3,1617000,1720721
K200081_1_haplotype1-0000019_chr22,ACRO,1887595,2017567
K200081_1_haplotype1-0000019_chr22,DJ,2125494,2458553
K200081_1_haplotype1-0000019_chr22,rDNA,2458553,2513581
K200081_1_haplotype1-0000019_chr22,rDNA,2613609,2910312
K200081_1_haplotype1-0000019_chr22,bSat,3278683,3345534
K200081_1_haplotype1-0000019_chr22,HSat3,3370654,3429285
K200081_1_haplotype1-0000019_chr22,HSat1B,3715454,3825367
K200081_1_haplotype1-0000019_chr22,HSat3,3826390,4033241
K200081_1_haplotype1-0000019_chr22,ACRO,4144766,4252401
K200081_1_haplotype1-0000019_chr22,bSat,4693815,4748565
K200081_1_haplotype1-0000019_chr22,HSat3,5184935,5269415
K200081_1_haplotype1-0000019_chr22,bSat,5604387,5705377
K200081_1_haplotype1-0000019_chr22,bSat,5788992,5880097
K200081_1_haplotype1-0000019_chr22,HSat3,6966319,7050419
K200081_1_haplotype1-0000019_chr22,aSat,8980057,9882749
K200081_1_haplotype1-0000023_chr13,HSat3,31,105744
K200081_1_haplotype1-0000023_chr13,SST1,1716602,1815843
K200081_1_haplotype1-0000023_chr13,HSat1A,3299717,3351895
K200081_1_haplotype1-0000027_chr14,HSat1A,102,290786
K200081_1_haplotype1-0000027_chr14,HSat3,316988,506787
K200081_1_haplotype1-0000027_chr14,ACRO,716379,894149
K200081_1_haplotype1-0000027_chr14,OTHERSAT,910500,978614
K200081_1_haplotype1-0000027_chr14,DJ,1012401,1344112
K200081_1_haplotype1-0000027_chr14,rDNA,1460331,1519550
K200081_1_haplotype1-0000027_chr14,HSat3,2545001,2711872
K200081_1_haplotype1-0000027_chr14,bSat,2916749,3140558
K200081_1_haplotype1-0000027_chr14,HSat3,3472863,3675206
K200081_1_haplotype1-0000027_chr14,bSat,3762773,3977792
K200081_1_haplotype1-0000027_chr14,bSat,4039327,4150605
K200081_1_haplotype1-0000027_chr14,aSat,9022155,9181400
K200081_2_haplotype2-0000049_chr15,HSat1A,263,75107
K200081_2_haplotype2-0000049_chr15,HSat3,102163,212079
K200081_2_haplotype2-0000049_chr15,ACRO,397534,484326
K200081_2_haplotype2-0000049_chr15,OTHERSAT,500675,557530
K200081_2_haplotype2-0000049_chr15,DJ,570615,899459
K200081_2_haplotype2-0000049_chr15,rDNA,899459,955449
K200081_2_haplotype2-0000049_chr15,rDNA,1055498,1131223
K200081_2_haplotype2-0000049_chr15,bSat,1407144,1520446
K200081_2_haplotype2-0000049_chr15,HSat1B,2121077,2428666
K200081_2_haplotype2-0000049_chr15,HSat3,2441252,2580473
K200081_2_haplotype2-0000049_chr15,HSat3,3112115,4421646
K200081_2_haplotype2-0000049_chr15,HSat3,4493948,4782738
K200081_2_haplotype2-0000049_chr15,aSat,7437257,7576079
K200081_2_haplotype2-0000060_chr22,HSat1A,201,227842
K200081_2_haplotype2-0000060_chr22,HSat3,254808,407387
K200081_2_haplotype2-0000060_chr22,ACRO,617626,678977
K200081_2_haplotype2-0000060_chr22,OTHERSAT,997853,1055267
K200081_2_haplotype2-0000060_chr22,DJ,1082294,1415469
K200081_2_haplotype2-0000060_chr22,rDNA,1415469,1558858
K200081_2_haplotype2-0000060_chr22,bSat,1926770,1994057
K200081_2_haplotype2-0000060_chr22,HSat3,2019057,2104073
K200081_2_haplotype2-0000060_chr22,HSat1B,2355501,2428497
K200081_2_haplotype2-0000060_chr22,HSat3,2429516,2638017
K200081_2_haplotype2-0000060_chr22,ACRO,2752413,2822188
K200081_2_haplotype2-0000060_chr22,bSat,3270486,3356941
K200081_2_haplotype2-0000060_chr22,HSat3,3761356,3846028
K200081_2_haplotype2-0000060_chr22,bSat,4180686,4283190
K200081_2_haplotype2-0000060_chr22,bSat,4355061,4456594
K200081_2_haplotype2-0000060_chr22,HSat3,5548133,5645294
K200081_2_haplotype2-0000060_chr22,aSat,7766471,8305794
K200081_2_haplotype2-0000065_chr13,bSat,407415,468477
K200081_2_haplotype2-0000065_chr13,HSat3,493669,587615
K200081_2_haplotype2-0000065_chr13,HSat1B,862529,966942
K200081_2_haplotype2-0000065_chr13,HSat3,971754,1159085
K200081_2_haplotype2-0000065_chr13,SST1,3148780,3240902
K200081_2_haplotype2-0000065_chr13,OTHERSAT,3753296,3807279
K200081_2_haplotype2-0000065_chr13,HSat1A,4920355,5023606
K200081_2_haplotype2-0000065_chr13,HSat1A,5032726,5149708
K200081_2_haplotype2-0000071_chr14,rDNA,0,172212
K200081_2_haplotype2-0000071_chr14,bSat,472421,534506
K200081_2_haplotype2-0000071_chr14,HSat3,549320,798969
K200081_2_haplotype2-0000071_chr14,HSat1B,1143587,1251271
K200081_2_haplotype2-0000071_chr14,HSat3,1256499,1519242
K200081_2_haplotype2-0000071_chr14,aSat,6144900,6408246
K200082_1_haplotype1-0000003_chr22,rDNA,34,85332
K200082_1_haplotype1-0000003_chr22,bSat,453742,520527
K200082_1_haplotype1-0000003_chr22,HSat1B,861156,978386
K200082_1_haplotype1-0000003_chr22,HSat3,979399,1184984
K200082_1_haplotype1-0000003_chr22,ACRO,1296600,1404255
K200082_1_haplotype1-0000003_chr22,bSat,1845773,2014241
K200082_1_haplotype1-0000003_chr22,HSat3,2344282,2428944
K200082_1_haplotype1-0000003_chr22,bSat,2763889,2866393
K200082_1_haplotype1-0000003_chr22,bSat,3045617,3106026
K200082_1_haplotype1-0000003_chr22,HSat3,4194627,4288663
K200082_1_haplotype1-0000003_chr22,aSat,6197068,7565309
K200082_1_haplotype1-0000010_chr14,HSat3,225,229561
K200082_1_haplotype1-0000010_chr14,HSat1A,230370,491147
K200082_1_haplotype1-0000010_chr14,HSat3,519096,622771
K200082_1_haplotype1-0000010_chr14,ACRO,832383,906340
K200082_1_haplotype1-0000010_chr14,DJ,1245663,1577385
K200082_1_haplotype1-0000010_chr14,bSat,2069226,2168394
K200082_1_haplotype1-0000010_chr14,HSat1B,2775496,2897528
K200082_1_haplotype1-0000010_chr14,HSat3,2902401,2957049
K200082_1_haplotype1-0000010_chr14,HSat3,3435826,4391497
K200082_1_haplotype1-0000010_chr14,aSat,8609543,9667163
K200082_1_haplotype1-0000020_chr21,HSat1A,42,254176
K200082_1_haplotype1-0000020_chr21,HSat3,280380,461797
K200082_1_haplotype1-0000020_chr21,ACRO,671392,825081
K200082_1_haplotype1-0000020_chr21,OTHERSAT,841432,909545
K200082_1_haplotype1-0000020_chr21,DJ,943332,1276289
K200082_1_haplotype1-0000020_chr21,rDNA,1276289,1444066
K200082_1_haplotype1-0000020_chr21,rDNA,1862207,1916194
K200082_1_haplotype1-0000020_chr21,bSat,2416894,2483611
K200082_1_haplotype1-0000020_chr21,HSat3,2508802,2596939
K200082_1_haplotype1-0000020_chr21,HSat3,2925501,3103502
K200082_1_haplotype1-0000020_chr21,HSat3,3324056,3446197
K200082_1_haplotype1-0000020_chr21,SST1,5047900,5134324
K200082_1_haplotype1-0000020_chr21,HSat1A,6499295,6688859
K200082_1_haplotype1-0000028_chr15,HSat3,146,1210935
K200082_1_haplotype1-0000028_chr15,HSat3,1283237,1572027
K200082_1_haplotype1-0000028_chr15,aSat,4226836,4365370
K200082_2_haplotype2-0000121_chr22,bSat,400746,467597
K200082_2_haplotype2-0000121_chr22,HSat3,492717,551348
K200082_2_haplotype2-0000121_chr22,HSat1B,837516,947429
K200082_2_haplotype2-0000121_chr22,HSat3,948146,1155303
K200082_2_haplotype2-0000121_chr22,ACRO,1266829,1374464
K200082_2_haplotype2-0000121_chr22,bSat,1815760,1870510
K200082_2_haplotype2-0000121_chr22,HSat3,2306877,2391357
K200082_2_haplotype2-0000121_chr22,bSat,2726326,2828837
K200082_2_haplotype2-0000121_chr22,bSat,2887928,3002036
K200082_2_haplotype2-0000121_chr22,HSat3,4087146,4172318
K200082_2_haplotype2-0000121_chr22,aSat,6101951,7004643
K200082_2_haplotype2-0000128_chr14,rDNA,0,243154
K200082_2_haplotype2-0000128_chr14,HSat3,1268603,1435474
K200082_2_haplotype2-0000128_chr14,bSat,1640352,1864161
K200082_2_haplotype2-0000128_chr14,HSat3,2196474,2398817
K200082_2_haplotype2-0000128_chr14,bSat,2486383,2701402
K200082_2_haplotype2-0000128_chr14,bSat,2762937,2874215
K200082_2_haplotype2-0000128_chr14,aSat,7745765,8186814
K200082_2_haplotype2-0000136_chr21,bSat,48350,109480
K200082_2_haplotype2-0000136_chr21,HSat3,134598,228733
K200082_2_haplotype2-0000136_chr21,HSat1B,506956,569603
K200082_2_haplotype2-0000136_chr21,HSat3,574273,777528
K200082_2_haplotype2-0000136_chr21,HSat3,999508,1121657
K200082_2_haplotype2-0000136_chr21,SST1,2773143,2851107
K200082_2_haplotype2-0000136_chr21,HSat1A,4151165,4746349
K200082_2_haplotype2-0000146_chr15,HSat3,0,4782248
K200084_1_haplotype1-0000007_chr15,HSat1A,513,118128
K200084_1_haplotype1-0000007_chr15,HSat3,118336,278846
K200084_1_haplotype1-0000007_chr15,bSat,283761,902712
K200084_1_haplotype1-0000007_chr15,ACRO,1203710,1290824
K200084_1_haplotype1-0000007_chr15,DJ,1389501,1721015
K200084_1_haplotype1-0000007_chr15,rDNA,1860771,2114466
K200084_1_haplotype1-0000007_chr15,bSat,2479349,2540479
K200084_1_haplotype1-0000007_chr15,HSat3,2566052,2623953
K200084_1_haplotype1-0000007_chr15,HSat1B,2933582,3216781
K200084_1_haplotype1-0000007_chr15,HSat3,3222113,3365108
K200084_1_haplotype1-0000007_chr15,HSat3,3855456,6956331
K200084_1_haplotype1-0000007_chr15,aSat,9701592,9969065
K200084_1_haplotype1-0000012_chr21,bSat,403054,464116
K200084_1_haplotype1-0000012_chr21,HSat3,489308,583244
K200084_1_haplotype1-0000012_chr21,HSat1B,861420,943321
K200084_1_haplotype1-0000012_chr21,HSat3,948133,1135429
K200084_1_haplotype1-0000012_chr21,HSat3,1356162,1478328
K200084_1_haplotype1-0000012_chr21,SST1,3129470,3207434
K200084_1_haplotype1-0000012_chr21,HSat1A,4648606,4776837
K200084_1_haplotype1-0000018_chr14,ACRO,66325,180403
K200084_1_haplotype1-0000018_chr14,bSat,460588,1051995
K200084_1_haplotype1-0000018_chr14,HSat3,1056862,1435159
K200084_1_haplotype1-0000018_chr14,HSat1A,1435968,1499598
K200084_1_haplotype1-0000018_chr14,bSat,1952606,2051774
K200084_1_haplotype1-0000018_chr14,HSat1B,2658897,2780929
K200084_1_haplotype1-0000018_chr14,HSat3,2785802,2840453
K200084_1_haplotype1-0000018_chr14,HSat3,3226890,4182561
K200084_1_haplotype1-0000018_chr14,aSat,8400802,9458421
K200084_1_haplotype1-0000019_chr13,SST1,1374074,1478931
K200084_1_haplotype1-0000019_chr13,HSat1A,3116485,3247606
K200084_1_haplotype1-0000019_chr13,HSat1A,3347608,3473101
K200084_1_haplotype1-0000026_chr22,ACRO,65997,239696
K200084_1_haplotype1-0000026_chr22,bSat,470062,632136
K200084_1_haplotype1-0000026_chr22,bSat,810958,1134680
K200084_1_haplotype1-0000026_chr22,HSat3,1141036,1405888
K200084_1_haplotype1-0000026_chr22,HSat1A,1406945,1477110
K200084_1_haplotype1-0000026_chr22,HSat3,1635951,1739672
K200084_1_haplotype1-0000026_chr22,ACRO,1906547,2036519
K200084_1_haplotype1-0000026_chr22,DJ,2144446,2477518
K200084_1_haplotype1-0000026_chr22,rDNA,2477518,2530766
K200084_1_haplotype1-0000026_chr22,rDNA,2630766,2853229
K200084_1_haplotype1-0000026_chr22,bSat,3221596,3288447
K200084_1_haplotype1-0000026_chr22,HSat3,3313567,3372198
K200084_1_haplotype1-0000026_chr22,HSat1B,3658368,3768281
K200084_1_haplotype1-0000026_chr22,HSat3,3769304,3976069
K200084_1_haplotype1-0000026_chr22,ACRO,4087681,4195316
K200084_1_haplotype1-0000026_chr22,bSat,4636661,4691411
K200084_1_haplotype1-0000026_chr22,HSat3,5127777,5212257
K200084_1_haplotype1-0000026_chr22,bSat,5547225,5648215
K200084_1_haplotype1-0000026_chr22,bSat,5731830,5822935
K200084_1_haplotype1-0000026_chr22,HSat3,6909174,6993274
K200084_1_haplotype1-0000026_chr22,aSat,8922915,9824243
K200084_2_haplotype2-0000070_chr15,rDNA,0,78169
K200084_2_haplotype2-0000070_chr15,bSat,443053,504182
K200084_2_haplotype2-0000070_chr15,HSat3,529373,587630
K200084_2_haplotype2-0000070_chr15,HSat1B,897629,1305270
K200084_2_haplotype2-0000070_chr15,HSat3,1313043,1440369
K200084_2_haplotype2-0000070_chr15,HSat3,1623855,2073056
K200084_2_haplotype2-0000070_chr15,HSat3,2124039,6010929
K200084_2_haplotype2-0000070_chr15,HSat3,6061929,8320913
K200084_2_haplotype2-0000074_chr21,HSat1B,297012,359659
K200084_2_haplotype2-0000074_chr21,HSat3,364329,548146
K200084_2_haplotype2-0000074_chr21,HSat3,769143,901062
K200084_2_haplotype2-0000074_chr21,SST1,2899066,2974218
K200084_2_haplotype2-0000074_chr21,HSat1A,4274927,4462539
K200084_2_haplotype2-0000078_chr14,ACRO,67399,245291
K200084_2_haplotype2-0000078_chr14,bSat,512252,748518
K200084_2_haplotype2-0000078_chr14,HSat3,898678,1224277
K200084_2_haplotype2-0000078_chr14,HSat1A,1224645,1304958
K200084_2_haplotype2-0000078_chr14,HSat3,1475828,1579661
K200084_2_haplotype2-0000078_chr14,ACRO,1759632,1935626
K200084_2_haplotype2-0000078_chr14,OTHERSAT,1951906,2005097
K200084_2_haplotype2-0000078_chr14,DJ,2032124,2329585
K200084_2_haplotype2-0000078_chr14,rDNA,2329585,2512205
K200084_2_haplotype2-0000078_chr14,bSat,2956490,3254332
K200084_2_haplotype2-0000078_chr14,HSat3,3342995,3400936
K200084_2_haplotype2-0000078_chr14,HSat3,3574909,3684589
K200084_2_haplotype2-0000078_chr14,HSat1B,3690696,3923423
K200084_2_haplotype2-0000078_chr14,aSat,8714961,10060244
K200084_2_haplotype2-0000083_chr13,bSat,403054,464116
K200084_2_haplotype2-0000083_chr13,HSat3,489308,583254
K200084_2_haplotype2-0000083_chr13,HSat1B,858184,962597
K200084_2_haplotype2-0000083_chr13,HSat3,967409,1154740
K200084_2_haplotype2-0000083_chr13,HSat3,1375481,1497662
K200084_2_haplotype2-0000083_chr13,SST1,3160659,3254188
K200084_2_haplotype2-0000083_chr13,OTHERSAT,3766581,3820564
K200084_2_haplotype2-0000083_chr13,HSat1A,4787807,4888242
K200084_2_haplotype2-0000088_chr22,ACRO,70982,165941
K200084_2_haplotype2-0000088_chr22,bSat,426735,719348
K200084_2_haplotype2-0000088_chr22,bSat,785428,1034206
K200084_2_haplotype2-0000088_chr22,HSat3,1039074,1142004
K200084_2_haplotype2-0000088_chr22,HSat1A,1142646,1487132
K200084_2_haplotype2-0000088_chr22,HSat3,1651367,1803906
K200084_2_haplotype2-0000088_chr22,ACRO,2014145,2075496
K200084_2_haplotype2-0000088_chr22,OTHERSAT,2394371,2451785
K200084_2_haplotype2-0000088_chr22,DJ,2478812,2811986
K200084_2_haplotype2-0000088_chr22,rDNA,2811986,2929359
K200084_2_haplotype2-0000088_chr22,bSat,3297273,3364560
K200084_2_haplotype2-0000088_chr22,HSat3,3389560,3440589
K200084_2_haplotype2-0000088_chr22,HSat1B,3726000,3798996
K200084_2_haplotype2-0000088_chr22,HSat3,3799664,4008514
K200084_2_haplotype2-0000088_chr22,ACRO,4122912,4192687
K200084_2_haplotype2-0000088_chr22,bSat,4640986,4727441
K200084_2_haplotype2-0000088_chr22,HSat3,5131858,5216535
K200084_2_haplotype2-0000088_chr22,bSat,5551189,5652172
K200084_2_haplotype2-0000088_chr22,bSat,5725564,5827097
K200084_2_haplotype2-0000088_chr22,HSat3,6918625,7016260
K200084_2_haplotype2-0000088_chr22,aSat,9137203,9676300
K200085_1_haplotype1-0000001_chr22,HSat1A,7943,1989592
K200085_1_haplotype1-0000001_chr22,HSat3,2005594,2109315
K200085_1_haplotype1-0000001_chr22,ACRO,2276192,2406164
K200085_1_haplotype1-0000001_chr22,DJ,2514089,2847153
K200085_1_haplotype1-0000001_chr22,rDNA,2847153,2945555
K200085_1_haplotype1-0000001_chr22,rDNA,3045616,3259656
K200085_1_haplotype1-0000001_chr22,bSat,3628024,3694875
K200085_1_haplotype1-0000001_chr22,HSat3,3719995,3778561
K200085_1_haplotype1-0000001_chr22,HSat1B,4064735,4174648
K200085_1_haplotype1-0000001_chr22,HSat3,4175365,4470869
K200085_1_haplotype1-0000001_chr22,ACRO,4584656,4692291
K200085_1_haplotype1-0000001_chr22,bSat,5133619,5188369
K200085_1_haplotype1-0000001_chr22,HSat3,5624739,5709219
K200085_1_haplotype1-0000001_chr22,bSat,6044190,6146701
K200085_1_haplotype1-0000001_chr22,bSat,6205792,6319900
K200085_1_haplotype1-0000001_chr22,HSat3,7405061,7490330
K200085_1_haplotype1-0000001_chr22,aSat,9419881,10322573
K200085_1_haplotype1-0000012_chr21,rDNA,31,348628
K200085_1_haplotype1-0000012_chr21,bSat,711905,778622
K200085_1_haplotype1-0000012_chr21,HSat3,803813,891950
K200085_1_haplotype1-0000012_chr21,HSat3,1220518,1398417
K200085_1_haplotype1-0000012_chr21,HSat3,1618971,1741117
K200085_1_haplotype1-0000012_chr21,SST1,3325363,3411787
K200085_1_haplotype1-0000012_chr21,HSat1A,4776767,4966335
K200085_1_haplotype1-0000015_chr13,ACRO,9492,249131
K200085_1_haplotype1-0000015_chr13,bSat,601248,822059
K200085_1_haplotype1-0000015_chr13,bSat,891288,942133
K200085_1_haplotype1-0000015_chr13,HSat3,989006,1274174
K200085_1_haplotype1-0000015_chr13,HSat1A,1276226,1733832
K200085_1_haplotype1-0000015_chr13,HSat1A,1834614,2154389
K200085_1_haplotype1-0000015_chr13,HSat3,2181636,2278968
K200085_1_haplotype1-0000015_chr13,DJ,2786791,3119599
K200085_1_haplotype1-0000015_chr13,rDNA,3119599,3213215
K200085_1_haplotype1-0000015_chr13,HSat1A,6293883,6902173
K200085_1_haplotype1-0000025_chr15,HSat3,30,548640
K200085_1_haplotype1-0000025_chr15,HSat3,599623,1047017
K200085_1_haplotype1-0000025_chr15,HSat3,1223627,1353015
K200085_1_haplotype1-0000025_chr15,HSat1B,1365602,1773243
K200085_1_haplotype1-0000025_chr15,HSat3,2168639,4382151
K200085_1_haplotype1-0000025_chr15,HSat3,4444015,4576935
K200085_1_haplotype1-0000026_chr14,rDNA,0,98816
K200085_1_haplotype1-0000026_chr14,bSat,399023,461108
K200085_1_haplotype1-0000026_chr14,HSat3,475922,725566
K200085_1_haplotype1-0000026_chr14,HSat1B,1070184,1177869
K200085_1_haplotype1-0000026_chr14,HSat3,1291533,1377007
K200085_1_haplotype1-0000026_chr14,aSat,6002665,6266011
K200085_2_haplotype2-0000042_chr22,ACRO,64598,159557
K200085_2_haplotype2-0000042_chr22,bSat,420348,712962
K200085_2_haplotype2-0000042_chr22,bSat,779042,1027820
K200085_2_haplotype2-0000042_chr22,HSat3,1032753,1135618
K200085_2_haplotype2-0000042_chr22,HSat1A,1136260,2034798
K200085_2_haplotype2-0000042_chr22,HSat3,2061764,2214302
K200085_2_haplotype2-0000042_chr22,ACRO,2424540,2485891
K200085_2_haplotype2-0000042_chr22,OTHERSAT,2804766,2862180
K200085_2_haplotype2-0000042_chr22,DJ,2889207,3222385
K200085_2_haplotype2-0000042_chr22,rDNA,3222385,3285790
K200085_2_haplotype2-0000042_chr22,bSat,3778802,3846089
K200085_2_haplotype2-0000042_chr22,HSat3,3871089,3922118
K200085_2_haplotype2-0000042_chr22,HSat1B,4207532,4280528
K200085_2_haplotype2-0000042_chr22,HSat3,4281196,4491997
K200085_2_haplotype2-0000042_chr22,ACRO,4604310,4674085
K200085_2_haplotype2-0000042_chr22,bSat,5122383,5208838
K200085_2_haplotype2-0000042_chr22,HSat3,5613255,5697932
K200085_2_haplotype2-0000042_chr22,bSat,6032589,6133572
K200085_2_haplotype2-0000042_chr22,bSat,6206964,6308497
K200085_2_haplotype2-0000042_chr22,aSat,9646952,10184913
K200085_2_haplotype2-0000053_chr21,SST1,1655379,1733343
K200085_2_haplotype2-0000053_chr21,HSat1A,3033406,3654037
K200085_2_haplotype2-0000056_chr13,SST1,1492547,1591788
K200085_2_haplotype2-0000056_chr13,HSat1A,3075664,3917749
K200085_2_haplotype2-0000063_chr15,ACRO,69097,213623
K200085_2_haplotype2-0000063_chr15,HSat3,438593,607940
K200085_2_haplotype2-0000063_chr15,HSat1A,634941,1174048
K200085_2_haplotype2-0000063_chr15,HSat3,1175022,1335573
K200085_2_haplotype2-0000063_chr15,bSat,1340441,1959392
K200085_2_haplotype2-0000063_chr15,ACRO,2254691,2347505
K200085_2_haplotype2-0000063_chr15,DJ,2446182,2777702
K200085_2_haplotype2-0000063_chr15,HSat1B,3176404,3459603
K200085_2_haplotype2-0000063_chr15,HSat3,3464935,3607930
K200085_2_haplotype2-0000063_chr15,HSat3,4098278,6982455
K200085_2_haplotype2-0000063_chr15,aSat,9734551,10415895
K200085_2_haplotype2-0000064_chr14,ACRO,65938,243830
K200085_2_haplotype2-0000064_chr14,bSat,510803,747069
K200085_2_haplotype2-0000064_chr14,HSat3,897229,1222726
K200085_2_haplotype2-0000064_chr14,HSat1A,1223094,1498555
K200085_2_haplotype2-0000064_chr14,HSat3,1525137,1628825
K200085_2_haplotype2-0000064_chr14,ACRO,1808794,1984788
K200085_2_haplotype2-0000064_chr14,OTHERSAT,2001068,2054259
K200085_2_haplotype2-0000064_chr14,DJ,2081286,2378752
K200085_2_haplotype2-0000064_chr14,rDNA,2496999,2692038
K200085_2_haplotype2-0000064_chr14,bSat,3136328,3434170
K200085_2_haplotype2-0000064_chr14,HSat3,3522835,3580776
K200085_2_haplotype2-0000064_chr14,HSat3,3754750,3864430
K200085_2_haplotype2-0000064_chr14,HSat1B,3870537,4103264
K200085_2_haplotype2-0000064_chr14,aSat,8894810,10240093
K200086_1_haplotype1-0000024_chr21,HSat3,0,82235
K200086_1_haplotype1-0000024_chr21,HSat3,302844,424987
K200086_1_haplotype1-0000024_chr21,SST1,2009275,2095699
K200086_1_haplotype1-0000024_chr21,aSat,3513869,3592823
K200086_1_haplotype1-0000033_chr22,bSat,201481,256231
K200086_1_haplotype1-0000033_chr22,HSat3,692600,777165
K200086_1_haplotype1-0000033_chr22,bSat,1111820,1214324
K200086_1_haplotype1-0000033_chr22,bSat,1286194,1387727
K200086_1_haplotype1-0000033_chr22,HSat3,2479198,2564424
K200086_1_haplotype1-0000033_chr22,aSat,4466341,5394951
K200086_2_haplotype2-0000166_chr21,aSat,27,85423
K200086_2_haplotype2-0000168_chr15,HSat1B,297770,705411
K200086_2_haplotype2-0000168_chr15,HSat3,717998,847385
K200086_2_haplotype2-0000168_chr15,HSat3,1023995,1109419
K200086_2_haplotype2-0000178_chr22,bSat,43085,110372
K200086_2_haplotype2-0000178_chr22,rDNA,478284,552952
K200086_2_haplotype2-0000178_chr22,rDNA,653011,780832
K200086_2_haplotype2-0000178_chr22,DJ,780832,1114005
K200086_2_haplotype2-0000178_chr22,OTHERSAT,1141032,1198446
K200086_2_haplotype2-0000178_chr22,ACRO,1517321,1578672
K200086_2_haplotype2-0000178_chr22,HSat3,1788916,1941529
K200087_1_haplotype1-0000002_chr14,bSat,344725,443893
K200087_1_haplotype1-0000002_chr14,HSat1B,1051019,1173051
K200087_1_haplotype1-0000002_chr14,HSat3,1177924,1232575
K200087_1_haplotype1-0000002_chr14,HSat3,1636112,2547453
K200087_1_haplotype1-0000002_chr14,aSat,6661897,7719518
K200087_1_haplotype1-0000014_chr15,HSat3,1,86012
K200087_1_haplotype1-0000014_chr15,HSat3,617654,756875
K200087_1_haplotype1-0000014_chr15,HSat1B,769461,1077050
K200087_1_haplotype1-0000014_chr15,bSat,1677681,1790983
K200087_1_haplotype1-0000014_chr15,rDNA,2066903,2139206
K200087_1_haplotype1-0000014_chr15,HSat3,2239206,2714275
K200087_1_haplotype1-0000014_chr15,HSat3,2786577,3071769
K200087_1_haplotype1-0000014_chr15,aSat,5726286,6109359
K200087_1_haplotype1-0000031_chr22,HSat3,24926,232522
K200087_1_haplotype1-0000031_chr22,ACRO,344636,414411
K200087_1_haplotype1-0000031_chr22,bSat,855876,942331
K200087_1_haplotype1-0000031_chr22,HSat3,1346745,1431421
K200087_1_haplotype1-0000031_chr22,bSat,1766076,1868580
K200087_1_haplotype1-0000031_chr22,bSat,1927670,2041983
K200087_1_haplotype1-0000031_chr22,HSat3,3133444,3231182
K200087_1_haplotype1-0000031_chr22,aSat,5295355,5835711
K200087_2_haplotype2-0000194_chr14,bSat,1302431,1526240
K200087_2_haplotype2-0000194_chr14,HSat3,1858553,1952722
K200087_2_haplotype2-0000194_chr14,bSat,2036253,2251272
K200087_2_haplotype2-0000194_chr14,bSat,2312806,2424084
K200087_2_haplotype2-0000194_chr14,aSat,7295655,7454900
K200087_2_haplotype2-0000205_chr13,SST1,433129,532369
K200087_2_haplotype2-0000205_chr13,HSat1A,2016242,2135725
K200087_2_haplotype2-0000206_chr15,HSat3,0,648524
K200087_2_haplotype2-0000206_chr15,HSat3,1138867,1281852
K200087_2_haplotype2-0000206_chr15,HSat1B,1287184,1570383
K200087_2_haplotype2-0000206_chr15,HSat3,1873238,2458219
K200087_2_haplotype2-0000206_chr15,aSat,5220548,5476941
K200087_2_haplotype2-0000227_chr22,HSat1B,268540,378453
K200087_2_haplotype2-0000227_chr22,HSat3,379170,586327
K200087_2_haplotype2-0000227_chr22,ACRO,697852,805487
K200087_2_haplotype2-0000227_chr22,bSat,1246831,1301581
K200087_2_haplotype2-0000227_chr22,HSat3,1737950,1822430
K200087_2_haplotype2-0000227_chr22,bSat,2157402,2259911
K200087_2_haplotype2-0000227_chr22,bSat,2319002,2433109
K200087_2_haplotype2-0000227_chr22,HSat3,3518242,3603413
K200087_2_haplotype2-0000227_chr22,aSat,5533058,6435749
NA12877_1_haplotype1-0000001_chr13,HSat3,9993,64691
NA12877_1_haplotype1-0000001_chr13,HSat1A,66414,1191096
NA12877_1_haplotype1-0000001_chr13,HSat3,1218132,1323302
NA12877_1_haplotype1-0000001_chr13,ACRO,1532876,1653204
NA12877_1_haplotype1-0000001_chr13,DJ,1994019,2325406
NA12877_1_haplotype1-0000001_chr13,rDNA,2325406,2377188
NA12877_1_haplotype1-0000001_chr13,rDNA,2477188,2721304
NA12877_1_haplotype1-0000001_chr13,bSat,3085936,3146998
NA12877_1_haplotype1-0000001_chr13,HSat3,3172190,3266131
NA12877_1_haplotype1-0000001_chr13,HSat1B,3544354,3640695
NA12877_1_haplotype1-0000001_chr13,HSat3,3645672,3838395
NA12877_1_haplotype1-0000001_chr13,HSat3,4059140,4181321
NA12877_1_haplotype1-0000001_chr13,SST1,5874585,5972318
NA12877_1_haplotype1-0000001_chr13,HSat1A,7459171,8820807
NA12877_1_haplotype1-0000013_chr14,ACRO,72365,180814
NA12877_1_haplotype1-0000013_chr14,bSat,383744,815276
NA12877_1_haplotype1-0000013_chr14,bSat,867979,1073053
NA12877_1_haplotype1-0000013_chr14,HSat3,1077968,1273599
NA12877_1_haplotype1-0000013_chr14,HSat1A,1274093,1966848
NA12877_1_haplotype1-0000013_chr14,HSat3,1993050,2182850
NA12877_1_haplotype1-0000013_chr14,ACRO,2392443,2570217
NA12877_1_haplotype1-0000013_chr14,OTHERSAT,2586568,2654682
NA12877_1_haplotype1-0000013_chr14,DJ,2688469,3020181
NA12877_1_haplotype1-0000013_chr14,rDNA,3020181,3087374
NA12877_1_haplotype1-0000013_chr14,rDNA,3183524,3258132
NA12877_1_haplotype1-0000013_chr14,HSat3,4283591,4450461
NA12877_1_haplotype1-0000013_chr14,bSat,4655945,4879148
NA12877_1_haplotype1-0000013_chr14,HSat3,5211460,5414549
NA12877_1_haplotype1-0000013_chr14,bSat,5501376,5716001
NA12877_1_haplotype1-0000013_chr14,bSat,5777536,5888814
NA12877_1_haplotype1-0000013_chr14,aSat,10760385,10919630
NA12877_1_haplotype1-0000014_chr15,bSat,364245,736332
NA12877_1_haplotype1-0000014_chr15,HSat3,773626,1139550
NA12877_1_haplotype1-0000014_chr15,HSat1A,1141901,2789047
NA12877_1_haplotype1-0000014_chr15,HSat3,2816103,2926020
NA12877_1_haplotype1-0000014_chr15,ACRO,3111476,3198268
NA12877_1_haplotype1-0000014_chr15,OTHERSAT,3214617,3271472
NA12877_1_haplotype1-0000014_chr15,DJ,3284557,3613399
NA12877_1_haplotype1-0000014_chr15,rDNA,3740652,3989314
NA12877_1_haplotype1-0000014_chr15,bSat,4265237,4378539
NA12877_1_haplotype1-0000014_chr15,HSat1B,4979174,5286763
NA12877_1_haplotype1-0000014_chr15,HSat3,5299349,5438570
NA12877_1_haplotype1-0000014_chr15,HSat3,5970212,7279743
NA12877_1_haplotype1-0000014_chr15,HSat3,7352045,7640835
NA12877_1_haplotype1-0000014_chr15,aSat,10295362,10434184
NA12877_1_haplotype1-0000020_chr22,ACRO,13254,227809
NA12877_1_haplotype1-0000020_chr22,bSat,875778,1372438
NA12877_1_haplotype1-0000020_chr22,HSat3,1377352,1529654
NA12877_1_haplotype1-0000020_chr22,HSat1A,1529696,2104306
NA12877_1_haplotype1-0000020_chr22,HSat3,2130383,2320447
NA12877_1_haplotype1-0000020_chr22,ACRO,2545783,2691797
NA12877_1_haplotype1-0000020_chr22,DJ,2790450,3104745
NA12877_1_haplotype1-0000020_chr22,rDNA,3234697,3575955
NA12877_1_haplotype1-0000020_chr22,HSat1B,4156227,4423061
NA12877_1_haplotype1-0000020_chr22,HSat3,4426222,4688968
NA12877_1_haplotype1-0000020_chr22,HSat3,5000178,5105552
NA12877_1_haplotype1-0000020_chr22,bSat,5110699,5201015
NA12877_1_haplotype1-0000020_chr22,HSat3,5304409,5359493
NA12877_1_haplotype1-0000020_chr22,bSat,6792545,6953120
NA12877_1_haplotype1-0000020_chr22,HSat3,8126467,8298687
NA12877_1_haplotype1-0000020_chr22,aSat,10294592,11807619
NA12877_1_haplotype1-0000023_chr21,rDNA,865,173702
NA12877_1_haplotype1-0000023_chr21,bSat,489916,589153
NA12877_1_haplotype1-0000023_chr21,HSat1B,1193600,1263489
NA12877_1_haplotype1-0000023_chr21,HSat3,1268180,1443179
NA12877_1_haplotype1-0000023_chr21,HSat3,1664421,1786206
NA12877_1_haplotype1-0000023_chr21,SST1,3399397,3492866
NA12877_1_haplotype1-0000023_chr21,HSat1A,4820492,4968826
NA12877_2_haplotype2-0000046_chr13,ACRO,66320,159985
NA12877_2_haplotype2-0000046_chr13,bSat,374775,1027218
NA12877_2_haplotype2-0000046_chr13,HSat3,1032131,1165975
NA12877_2_haplotype2-0000046_chr13,HSat1A,1167067,1472452
NA12877_2_haplotype2-0000046_chr13,HSat3,1500401,1604136
NA12877_2_haplotype2-0000046_chr13,ACRO,1813743,1945751
NA12877_2_haplotype2-0000046_chr13,DJ,2307160,2638164
NA12877_2_haplotype2-0000046_chr13,bSat,3189239,3250302
NA12877_2_haplotype2-0000046_chr13,HSat3,3277747,3332116
NA12877_2_haplotype2-0000046_chr13,HSat1B,3645963,3735047
NA12877_2_haplotype2-0000046_chr13,HSat3,3739728,4035410
NA12877_2_haplotype2-0000046_chr13,HSat3,4256658,4378899
NA12877_2_haplotype2-0000046_chr13,SST1,5989937,6090362
NA12877_2_haplotype2-0000046_chr13,HSat1A,7574242,8416327
NA12877_2_haplotype2-0000056_chr14,ACRO,67175,215455
NA12877_2_haplotype2-0000056_chr14,bSat,421586,574265
NA12877_2_haplotype2-0000056_chr14,HSat3,616274,972720
NA12877_2_haplotype2-0000056_chr14,HSat1A,974389,1831039
NA12877_2_haplotype2-0000056_chr14,HSat3,1858985,2011595
NA12877_2_haplotype2-0000056_chr14,ACRO,2229070,2365886
NA12877_2_haplotype2-0000056_chr14,OTHERSAT,2382234,2437410
NA12877_2_haplotype2-0000056_chr14,DJ,2472585,2802854
NA12877_2_haplotype2-0000056_chr14,rDNA,2802854,2858873
NA12877_2_haplotype2-0000056_chr14,rDNA,2958903,3089728
NA12877_2_haplotype2-0000056_chr14,bSat,3458102,3524956
NA12877_2_haplotype2-0000056_chr14,HSat3,3550290,3603626
NA12877_2_haplotype2-0000056_chr14,HSat1B,3884142,3953026
NA12877_2_haplotype2-0000056_chr14,HSat3,3958398,4164722
NA12877_2_haplotype2-0000056_chr14,bSat,4381003,4595041
NA12877_2_haplotype2-0000056_chr14,HSat3,4949509,5416962
NA12877_2_haplotype2-0000056_chr14,bSat,5503233,5730456
NA12877_2_haplotype2-0000056_chr14,bSat,5796523,5887948
NA12877_2_haplotype2-0000056_chr14,HSat3,6405832,6473778
NA12877_2_haplotype2-0000056_chr14,aSat,8421036,8831098
NA12877_2_haplotype2-0000057_chr15,ACRO,74554,168396
NA12877_2_haplotype2-0000057_chr15,bSat,368642,1132061
NA12877_2_haplotype2-0000057_chr15,HSat3,1136976,1310340
NA12877_2_haplotype2-0000057_chr15,HSat1A,1310629,1900500
NA12877_2_haplotype2-0000057_chr15,HSat3,1926702,2116326
NA12877_2_haplotype2-0000057_chr15,DJ,2458633,2789608
NA12877_2_haplotype2-0000057_chr15,rDNA,2789608,2872597
NA12877_2_haplotype2-0000057_chr15,rDNA,2963920,3151352
NA12877_2_haplotype2-0000057_chr15,bSat,3516260,3577390
NA12877_2_haplotype2-0000057_chr15,HSat3,3602963,3694875
NA12877_2_haplotype2-0000057_chr15,HSat1B,3969325,4364156
NA12877_2_haplotype2-0000057_chr15,HSat3,4368730,4473828
NA12877_2_haplotype2-0000057_chr15,HSat1B,4590618,4652983
NA12877_2_haplotype2-0000057_chr15,HSat3,4661903,4722689
NA12877_2_haplotype2-0000057_chr15,HSat3,5286871,8494206
NA12877_2_haplotype2-0000057_chr15,aSat,11062528,11269649
NA12877_2_haplotype2-0000057_chr15,aSat,11322436,11573120
NA12877_2_haplotype2-0000064_chr21,ACRO,66828,261473
NA12877_2_haplotype2-0000064_chr21,bSat,447564,902193
NA12877_2_haplotype2-0000064_chr21,HSat3,908623,1424890
NA12877_2_haplotype2-0000064_chr21,HSat1A,1424964,2278738
NA12877_2_haplotype2-0000064_chr21,HSat3,2304942,2486359
NA12877_2_haplotype2-0000064_chr21,ACRO,2695957,2849646
NA12877_2_haplotype2-0000064_chr21,OTHERSAT,2865997,2934110
NA12877_2_haplotype2-0000064_chr21,DJ,2967897,3300860
NA12877_2_haplotype2-0000064_chr21,rDNA,3300860,3446385
NA12877_2_haplotype2-0000064_chr21,bSat,3811279,3872409
NA12877_2_haplotype2-0000064_chr21,HSat3,3897528,3991666
NA12877_2_haplotype2-0000064_chr21,HSat1B,4269889,4332536
NA12877_2_haplotype2-0000064_chr21,HSat3,4337206,4541621
NA12877_2_haplotype2-0000064_chr21,HSat3,4762481,4884707
NA12877_2_haplotype2-0000064_chr21,SST1,6536249,6614213
NA12877_2_haplotype2-0000064_chr21,HSat1A,7914280,8534911
NA12877_2_haplotype2-0000070_chr22,ACRO,9463,179929
NA12877_2_haplotype2-0000070_chr22,bSat,523525,739159
NA12877_2_haplotype2-0000070_chr22,bSat,808389,859235
NA12877_2_haplotype2-0000070_chr22,HSat3,905231,1153040
NA12877_2_haplotype2-0000070_chr22,HSat1A,1155092,2346276
NA12877_2_haplotype2-0000070_chr22,HSat3,2373523,2473648
NA12877_2_haplotype2-0000070_chr22,DJ,3052968,3386005
NA12877_2_haplotype2-0000070_chr22,rDNA,3386005,3644474
NA12877_2_haplotype2-0000070_chr22,bSat,4012349,4079670
NA12877_2_haplotype2-0000070_chr22,HSat3,4104670,4189686
NA12877_2_haplotype2-0000070_chr22,HSat1B,4441122,4514111
NA12877_2_haplotype2-0000070_chr22,HSat3,4514779,4726415
NA12877_2_haplotype2-0000070_chr22,ACRO,4837973,4939316
NA12877_2_haplotype2-0000070_chr22,bSat,5387597,5474052
NA12877_2_haplotype2-0000070_chr22,HSat3,5878599,5963129
NA12877_2_haplotype2-0000070_chr22,bSat,6297980,6400483
NA12877_2_haplotype2-0000070_chr22,bSat,6459574,6573887
NA12877_2_haplotype2-0000070_chr22,HSat3,7661920,7758899
NA12877_2_haplotype2-0000070_chr22,aSat,9879157,10850810
NA12878_1_haplotype1-0000005_chr13,ACRO,66715,167635
NA12878_1_haplotype1-0000005_chr13,bSat,386993,1072170
NA12878_1_haplotype1-0000005_chr13,HSat3,1077038,1311604
NA12878_1_haplotype1-0000005_chr13,HSat1A,1311636,1560533
NA12878_1_haplotype1-0000005_chr13,HSat3,1588482,1692152
NA12878_1_haplotype1-0000005_chr13,ACRO,1901758,2034616
NA12878_1_haplotype1-0000005_chr13,rDNA,2528185,2612039
NA12878_1_haplotype1-0000005_chr13,bSat,2965809,3032526
NA12878_1_haplotype1-0000005_chr13,HSat3,3057650,3122631
NA12878_1_haplotype1-0000005_chr13,HSat3,3470844,3731341
NA12878_1_haplotype1-0000005_chr13,HSat3,3953061,4075237
NA12878_1_haplotype1-0000005_chr13,SST1,5667882,5730356
NA12878_1_haplotype1-0000005_chr13,HSat1A,7217998,8109928
NA12878_1_haplotype1-0000007_chr15,ACRO,69665,338381
NA12878_1_haplotype1-0000007_chr15,bSat,606806,1214680
NA12878_1_haplotype1-0000007_chr15,HSat3,1219631,1326377
NA12878_1_haplotype1-0000007_chr15,HSat1A,1327010,1883967
NA12878_1_haplotype1-0000007_chr15,HSat3,1917727,2085014
NA12878_1_haplotype1-0000007_chr15,DJ,2685848,3017357
NA12878_1_haplotype1-0000007_chr15,rDNA,3017357,3067424
NA12878_1_haplotype1-0000007_chr15,rDNA,3167455,3233853
NA12878_1_haplotype1-0000007_chr15,bSat,3598738,3659868
NA12878_1_haplotype1-0000007_chr15,HSat3,3684926,3743316
NA12878_1_haplotype1-0000007_chr15,HSat1B,4053308,4460949
NA12878_1_haplotype1-0000007_chr15,HSat3,4529631,4596048
NA12878_1_haplotype1-0000007_chr15,HSat3,4779534,5228735
NA12878_1_haplotype1-0000007_chr15,HSat3,5279718,9170194
NA12878_1_haplotype1-0000007_chr15,HSat3,9221194,11487315
NA12878_1_haplotype1-0000008_chr22,ACRO,71945,174371
NA12878_1_haplotype1-0000008_chr22,bSat,584647,1026818
NA12878_1_haplotype1-0000008_chr22,HSat3,1055523,1620801
NA12878_1_haplotype1-0000008_chr22,HSat1A,1622161,3402233
NA12878_1_haplotype1-0000008_chr22,HSat3,3428958,3541164
NA12878_1_haplotype1-0000008_chr22,DJ,3857367,4188878
NA12878_1_haplotype1-0000008_chr22,rDNA,4336464,4407150
NA12878_1_haplotype1-0000008_chr22,bSat,4695762,4841654
NA12878_1_haplotype1-0000008_chr22,HSat3,4866654,4921487
NA12878_1_haplotype1-0000008_chr22,HSat1B,5206516,5764551
NA12878_1_haplotype1-0000008_chr22,HSat3,5767826,6110167
NA12878_1_haplotype1-0000008_chr22,HSat3,6415439,6520667
NA12878_1_haplotype1-0000008_chr22,bSat,6525961,6616277
NA12878_1_haplotype1-0000008_chr22,HSat3,6730562,6785651
NA12878_1_haplotype1-0000008_chr22,bSat,8123164,8282694
NA12878_1_haplotype1-0000008_chr22,HSat3,9476428,9691056
NA12878_1_haplotype1-0000008_chr22,aSat,11815763,12855347
NA12878_1_haplotype1-0000009_chr21,bSat,395837,721919
NA12878_1_haplotype1-0000009_chr21,HSat3,771293,1993938
NA12878_1_haplotype1-0000009_chr21,HSat1A,1994333,3418766
NA12878_1_haplotype1-0000009_chr21,HSat3,3450984,3604257
NA12878_1_haplotype1-0000009_chr21,ACRO,3813881,3985918
NA12878_1_haplotype1-0000009_chr21,OTHERSAT,4002285,4071221
NA12878_1_haplotype1-0000009_chr21,DJ,4104972,4431217
NA12878_1_haplotype1-0000009_chr21,rDNA,4431217,4490265
NA12878_1_haplotype1-0000009_chr21,bSat,4996759,5063476
NA12878_1_haplotype1-0000009_chr21,HSat3,5088534,5187211
NA12878_1_haplotype1-0000009_chr21,HSat1B,5462198,5540076
NA12878_1_haplotype1-0000009_chr21,HSat3,5545350,5716202
NA12878_1_haplotype1-0000009_chr21,HSat3,5936985,6058705
NA12878_1_haplotype1-0000009_chr21,SST1,7667517,7737017
NA12878_1_haplotype1-0000009_chr21,HSat1A,9121637,9279755
NA12878_1_haplotype1-0000013_chr14,bSat,405287,715019
NA12878_1_haplotype1-0000013_chr14,HSat3,742249,1513188
NA12878_1_haplotype1-0000013_chr14,HSat1A,1513448,2259757
NA12878_1_haplotype1-0000013_chr14,HSat3,2292036,2447757
NA12878_1_haplotype1-0000013_chr14,DJ,3032488,3363959
NA12878_1_haplotype1-0000013_chr14,rDNA,3493309,3653423
NA12878_1_haplotype1-0000013_chr14,bSat,3975934,4052604
NA12878_1_haplotype1-0000013_chr14,HSat3,4699096,4976670
NA12878_1_haplotype1-0000013_chr14,bSat,5183610,5482997
NA12878_1_haplotype1-0000013_chr14,HSat3,5813878,6344137
NA12878_1_haplotype1-0000013_chr14,bSat,6430418,6712595
NA12878_1_haplotype1-0000013_chr14,HSat3,7332960,7408441
NA12878_1_haplotype1-0000013_chr14,aSat,9353842,9849018
NA12878_2_haplotype2-0000030_chr13,bSat,372276,783478
NA12878_2_haplotype2-0000030_chr13,HSat3,820815,1200766
NA12878_2_haplotype2-0000030_chr13,HSat1A,1203529,2164099
NA12878_2_haplotype2-0000030_chr13,HSat3,2191155,2301041
NA12878_2_haplotype2-0000030_chr13,OTHERSAT,2557057,2613714
NA12878_2_haplotype2-0000030_chr13,DJ,2626801,2959040
NA12878_2_haplotype2-0000030_chr13,rDNA,2959040,3011854
NA12878_2_haplotype2-0000030_chr13,bSat,3513880,3574942
NA12878_2_haplotype2-0000030_chr13,HSat3,3600278,3692355
NA12878_2_haplotype2-0000030_chr13,HSat1B,3967277,4052439
NA12878_2_haplotype2-0000030_chr13,HSat3,4057134,4244562
NA12878_2_haplotype2-0000030_chr13,HSat3,4465298,4587459
NA12878_2_haplotype2-0000030_chr13,SST1,6246764,6351621
NA12878_2_haplotype2-0000030_chr13,HSat1A,7989174,8893629
NA12878_2_haplotype2-0000032_chr21,ACRO,72129,179824
NA12878_2_haplotype2-0000032_chr21,bSat,439887,712690
NA12878_2_haplotype2-0000032_chr21,bSat,769740,1021238
NA12878_2_haplotype2-0000032_chr21,HSat3,1026171,1142037
NA12878_2_haplotype2-0000032_chr21,HSat1A,1142845,1937964
NA12878_2_haplotype2-0000032_chr21,HSat3,1965682,2118273
NA12878_2_haplotype2-0000032_chr21,ACRO,2328569,2431585
NA12878_2_haplotype2-0000032_chr21,OTHERSAT,2447934,2539587
NA12878_2_haplotype2-0000032_chr21,DJ,2552684,2884251
NA12878_2_haplotype2-0000032_chr21,rDNA,3012177,3271547
NA12878_2_haplotype2-0000032_chr21,bSat,3695274,3765937
NA12878_2_haplotype2-0000032_chr21,bSat,3842328,3992849
NA12878_2_haplotype2-0000032_chr21,HSat3,4084894,4147616
NA12878_2_haplotype2-0000032_chr21,HSat3,4321782,4543462
NA12878_2_haplotype2-0000032_chr21,HSat3,4860445,5084168
NA12878_2_haplotype2-0000032_chr21,SST1,7073956,7156149
NA12878_2_haplotype2-0000032_chr21,HSat1A,8455912,8697684
NA12878_2_haplotype2-0000037_chr22,rDNA,0,364765
NA12878_2_haplotype2-0000037_chr22,bSat,733136,799987
NA12878_2_haplotype2-0000037_chr22,HSat3,825107,883738
NA12878_2_haplotype2-0000037_chr22,HSat1B,1169913,1279826
NA12878_2_haplotype2-0000037_chr22,HSat3,1280543,1487700
NA12878_2_haplotype2-0000037_chr22,ACRO,1599226,1706861
NA12878_2_haplotype2-0000037_chr22,bSat,2148207,2202957
NA12878_2_haplotype2-0000037_chr22,HSat3,2639324,2723804
NA12878_2_haplotype2-0000037_chr22,bSat,3058776,3161287
NA12878_2_haplotype2-0000037_chr22,bSat,3220378,3334486
NA12878_2_haplotype2-0000037_chr22,HSat3,4419631,4504803
NA12878_2_haplotype2-0000037_chr22,aSat,6437185,7339877
NA12878_2_haplotype2-0000041_chr14,ACRO,73813,251705
NA12878_2_haplotype2-0000041_chr14,bSat,518679,756851
NA12878_2_haplotype2-0000041_chr14,HSat3,907011,1232513
NA12878_2_haplotype2-0000041_chr14,HSat1A,1232881,1508342
NA12878_2_haplotype2-0000041_chr14,HSat3,1534924,1638612
NA12878_2_haplotype2-0000041_chr14,ACRO,1818581,1994575
NA12878_2_haplotype2-0000041_chr14,OTHERSAT,2010855,2064046
NA12878_2_haplotype2-0000041_chr14,DJ,2091073,2388537
NA12878_2_haplotype2-0000041_chr14,rDNA,2388537,2481500
NA12878_2_haplotype2-0000041_chr14,bSat,2925792,3223634
NA12878_2_haplotype2-0000041_chr14,HSat3,3312298,3370239
NA12878_2_haplotype2-0000041_chr14,HSat3,3544214,3653894
NA12878_2_haplotype2-0000041_chr14,HSat1B,3660001,3892728
NA12878_2_haplotype2-0000041_chr14,aSat,8684286,9538983
NA12878_2_haplotype2-0000044_chr15,bSat,346777,421366
NA12878_2_haplotype2-0000044_chr15,HSat1B,1047310,1417034
NA12878_2_haplotype2-0000044_chr15,HSat3,1421811,1505215
NA12878_2_haplotype2-0000044_chr15,HSat3,2139722,5139292
NA12878_2_haplotype2-0000044_chr15,aSat,8321093,8780209
NA12879_1_haplotype1-0000002_chr13,rDNA,0,139936
NA12879_1_haplotype1-0000002_chr13,bSat,504563,565625
NA12879_1_haplotype1-0000002_chr13,HSat3,590961,683038
NA12879_1_haplotype1-0000002_chr13,HSat1B,957958,1043120
NA12879_1_haplotype1-0000002_chr13,HSat3,1047932,1235243
NA12879_1_haplotype1-0000002_chr13,HSat3,1455979,1578140
NA12879_1_haplotype1-0000002_chr13,SST1,3237448,3342305
NA12879_1_haplotype1-0000002_chr13,HSat1A,4979630,5890111
NA12879_1_haplotype1-0000013_chr15,rDNA,0,190356
NA12879_1_haplotype1-0000013_chr15,bSat,466281,579583
NA12879_1_haplotype1-0000013_chr15,HSat1B,1180219,1485497
NA12879_1_haplotype1-0000013_chr15,HSat3,1497968,1637189
NA12879_1_haplotype1-0000013_chr15,HSat3,2168831,3478362
NA12879_1_haplotype1-0000013_chr15,HSat3,3550664,3839454
NA12879_1_haplotype1-0000013_chr15,aSat,6493981,6632803
NA12879_1_haplotype1-0000015_chr14,ACRO,70705,179154
NA12879_1_haplotype1-0000015_chr14,bSat,380607,812139
NA12879_1_haplotype1-0000015_chr14,bSat,864842,1069916
NA12879_1_haplotype1-0000015_chr14,HSat3,1074831,1270462
NA12879_1_haplotype1-0000015_chr14,HSat1A,1270956,1963711
NA12879_1_haplotype1-0000015_chr14,HSat3,1989913,2179713
NA12879_1_haplotype1-0000015_chr14,ACRO,2389307,2567081
NA12879_1_haplotype1-0000015_chr14,OTHERSAT,2583432,2651546
NA12879_1_haplotype1-0000015_chr14,DJ,2685333,3017047
NA12879_1_haplotype1-0000015_chr14,rDNA,3017047,3080729
NA12879_1_haplotype1-0000015_chr14,rDNA,3180729,3245968
NA12879_1_haplotype1-0000015_chr14,HSat3,4271429,4438299
NA12879_1_haplotype1-0000015_chr14,bSat,4643178,4866987
NA12879_1_haplotype1-0000015_chr14,HSat3,5199297,5401641
NA12879_1_haplotype1-0000015_chr14,bSat,5489208,5704227
NA12879_1_haplotype1-0000015_chr14,bSat,5765762,5877040
NA12879_1_haplotype1-0000015_chr14,aSat,10763825,11204874
NA12879_1_haplotype1-0000018_chr22,ACRO,13963,228518
NA12879_1_haplotype1-0000018_chr22,bSat,876487,1373147
NA12879_1_haplotype1-0000018_chr22,HSat3,1378061,1530363
NA12879_1_haplotype1-0000018_chr22,HSat1A,1530405,2106942
NA12879_1_haplotype1-0000018_chr22,HSat3,2133019,2323083
NA12879_1_haplotype1-0000018_chr22,ACRO,2548416,2694430
NA12879_1_haplotype1-0000018_chr22,DJ,2793083,3107377
NA12879_1_haplotype1-0000018_chr22,rDNA,3107377,3763684
NA12879_1_haplotype1-0000018_chr22,HSat1B,4343955,4610789
NA12879_1_haplotype1-0000018_chr22,HSat3,4613950,4876696
NA12879_1_haplotype1-0000018_chr22,HSat3,5187906,5293280
NA12879_1_haplotype1-0000018_chr22,bSat,5298427,5388743
NA12879_1_haplotype1-0000018_chr22,HSat3,5492137,5547221
NA12879_1_haplotype1-0000018_chr22,bSat,6980273,7140848
NA12879_1_haplotype1-0000018_chr22,HSat3,8314194,8486414
NA12879_1_haplotype1-0000018_chr22,aSat,10481207,11424963
NA12879_1_haplotype1-0000019_chr21,ACRO,69203,263848
NA12879_1_haplotype1-0000019_chr21,bSat,449939,904568
NA12879_1_haplotype1-0000019_chr21,HSat3,910998,1427265
NA12879_1_haplotype1-0000019_chr21,HSat1A,1427339,2281113
NA12879_1_haplotype1-0000019_chr21,HSat3,2307317,2488734
NA12879_1_haplotype1-0000019_chr21,ACRO,2698330,2852019
NA12879_1_haplotype1-0000019_chr21,OTHERSAT,2868370,2936483
NA12879_1_haplotype1-0000019_chr21,DJ,2970270,3303232
NA12879_1_haplotype1-0000019_chr21,rDNA,3303232,3448749
NA12879_1_haplotype1-0000019_chr21,bSat,3813639,3874769
NA12879_1_haplotype1-0000019_chr21,HSat3,3899888,3994026
NA12879_1_haplotype1-0000019_chr21,HSat1B,4272250,4334897
NA12879_1_haplotype1-0000019_chr21,HSat3,4339567,4543947
NA12879_1_haplotype1-0000019_chr21,HSat3,4764806,4887032
NA12879_1_haplotype1-0000019_chr21,SST1,6538567,6616531
NA12879_1_haplotype1-0000019_chr21,HSat1A,7916605,8537236
NA12879_2_haplotype2-0000075_chr15,ACRO,65562,334278
NA12879_2_haplotype2-0000075_chr15,bSat,602703,1210577
NA12879_2_haplotype2-0000075_chr15,HSat3,1215527,1322273
NA12879_2_haplotype2-0000075_chr15,HSat1A,1322906,1879863
NA12879_2_haplotype2-0000075_chr15,HSat3,1913623,2080910
NA12879_2_haplotype2-0000075_chr15,DJ,2681735,3013246
NA12879_2_haplotype2-0000075_chr15,rDNA,3013246,3064263
NA12879_2_haplotype2-0000075_chr15,bSat,3576570,3637700
NA12879_2_haplotype2-0000075_chr15,HSat3,3662758,3721148
NA12879_2_haplotype2-0000075_chr15,HSat1B,4031140,4438783
NA12879_2_haplotype2-0000075_chr15,HSat3,4446556,4573882
NA12879_2_haplotype2-0000075_chr15,HSat3,4757368,5206569
NA12879_2_haplotype2-0000075_chr15,HSat3,5257552,9148028
NA12879_2_haplotype2-0000075_chr15,HSat3,9199028,11465137
NA12879_2_haplotype2-0000083_chr14,ACRO,69690,247582
NA12879_2_haplotype2-0000083_chr14,bSat,514556,750822
NA12879_2_haplotype2-0000083_chr14,HSat3,900983,1226480
NA12879_2_haplotype2-0000083_chr14,HSat1A,1226848,1502309
NA12879_2_haplotype2-0000083_chr14,HSat3,1528891,1632579
NA12879_2_haplotype2-0000083_chr14,ACRO,1812549,1988543
NA12879_2_haplotype2-0000083_chr14,OTHERSAT,2004823,2058014
NA12879_2_haplotype2-0000083_chr14,DJ,2085041,2382505
NA12879_2_haplotype2-0000083_chr14,rDNA,2382505,2565128
NA12879_2_haplotype2-0000083_chr14,bSat,3009420,3307262
NA12879_2_haplotype2-0000083_chr14,HSat3,3395928,3453869
NA12879_2_haplotype2-0000083_chr14,HSat3,3627844,3737524
NA12879_2_haplotype2-0000083_chr14,HSat1B,3743631,3976358
NA12879_2_haplotype2-0000083_chr14,aSat,8767922,10113204
NA12879_2_haplotype2-0000086_chr22,ACRO,73968,247667
NA12879_2_haplotype2-0000086_chr22,bSat,478035,640109
NA12879_2_haplotype2-0000086_chr22,bSat,818931,1142653
NA12879_2_haplotype2-0000086_chr22,HSat3,1149010,1413862
NA12879_2_haplotype2-0000086_chr22,HSat1A,1414919,3396568
NA12879_2_haplotype2-0000086_chr22,HSat3,3412570,3516291
NA12879_2_haplotype2-0000086_chr22,ACRO,3683166,3813138
NA12879_2_haplotype2-0000086_chr22,DJ,3921065,4254129
NA12879_2_haplotype2-0000086_chr22,rDNA,4254129,4478831
NA12879_2_haplotype2-0000086_chr22,rDNA,4578835,4658855
NA12879_2_haplotype2-0000086_chr22,bSat,5027225,5094076
NA12879_2_haplotype2-0000086_chr22,HSat3,5119196,5177827
NA12879_2_haplotype2-0000086_chr22,HSat1B,5464002,5573915
NA12879_2_haplotype2-0000086_chr22,HSat3,5574938,5781789
NA12879_2_haplotype2-0000086_chr22,ACRO,5893315,6000950
NA12879_2_haplotype2-0000086_chr22,bSat,6442296,6497046
NA12879_2_haplotype2-0000086_chr22,HSat3,6933416,7017896
NA12879_2_haplotype2-0000086_chr22,bSat,7352868,7453858
NA12879_2_haplotype2-0000086_chr22,bSat,7537473,7628578
NA12879_2_haplotype2-0000086_chr22,HSat3,8714795,8798895
NA12879_2_haplotype2-0000086_chr22,aSat,10728544,11631236
NA12879_2_haplotype2-0000087_chr21,ACRO,68511,176206
NA12879_2_haplotype2-0000087_chr21,bSat,436268,709070
NA12879_2_haplotype2-0000087_chr21,bSat,766120,1017618
NA12879_2_haplotype2-0000087_chr21,HSat3,1022552,1138418
NA12879_2_haplotype2-0000087_chr21,HSat1A,1139226,1945844
NA12879_2_haplotype2-0000087_chr21,HSat3,1973562,2126153
NA12879_2_haplotype2-0000087_chr21,ACRO,2336449,2439465
NA12879_2_haplotype2-0000087_chr21,OTHERSAT,2455814,2547467
NA12879_2_haplotype2-0000087_chr21,DJ,2560564,2892135
NA12879_2_haplotype2-0000087_chr21,rDNA,3018740,3142259
NA12879_2_haplotype2-0000087_chr21,bSat,3565989,3636652
NA12879_2_haplotype2-0000087_chr21,bSat,3713043,3863564
NA12879_2_haplotype2-0000087_chr21,HSat3,3955610,4018332
NA12879_2_haplotype2-0000087_chr21,HSat3,4192498,4414178
NA12879_2_haplotype2-0000087_chr21,HSat3,4731160,4954883
NA12879_2_haplotype2-0000087_chr21,SST1,6944684,7026877
NA12879_2_haplotype2-0000087_chr21,HSat1A,8326637,8568409
NA12879_2_haplotype2-0000092_chr13,ACRO,62672,156337
NA12879_2_haplotype2-0000092_chr13,bSat,371127,1023570
NA12879_2_haplotype2-0000092_chr13,HSat3,1028483,1162327
NA12879_2_haplotype2-0000092_chr13,HSat1A,1163419,1466176
NA12879_2_haplotype2-0000092_chr13,HSat3,1494125,1597860
NA12879_2_haplotype2-0000092_chr13,ACRO,1807468,1939476
NA12879_2_haplotype2-0000092_chr13,DJ,2300885,2631888
NA12879_2_haplotype2-0000092_chr13,rDNA,2631888,2693618
NA12879_2_haplotype2-0000092_chr13,bSat,3170993,3232056
NA12879_2_haplotype2-0000092_chr13,HSat3,3257175,3313870
NA12879_2_haplotype2-0000092_chr13,HSat1B,3627715,3716799
NA12879_2_haplotype2-0000092_chr13,HSat3,3721480,4017162
NA12879_2_haplotype2-0000092_chr13,HSat3,4238409,4360650
NA12879_2_haplotype2-0000092_chr13,SST1,5971692,6070933
NA12879_2_haplotype2-0000092_chr13,HSat1A,7554814,8396899
NA12881_1_haplotype1-0000002_chr15,HSat3,0,171330
NA12881_1_haplotype1-0000002_chr15,aSat,2739649,2946770
NA12881_1_haplotype1-0000002_chr15,aSat,2999557,3179482
NA12881_1_haplotype1-0000007_chr21,ACRO,63514,171209
NA12881_1_haplotype1-0000007_chr21,bSat,431270,704072
NA12881_1_haplotype1-0000007_chr21,bSat,761122,1012620
NA12881_1_haplotype1-0000007_chr21,HSat3,1017554,1113872
NA12881_1_haplotype1-0000007_chr21,HSat1A,1114680,1921298
NA12881_1_haplotype1-0000007_chr21,HSat3,1949016,2092296
NA12881_1_haplotype1-0000007_chr21,ACRO,2302590,2405606
NA12881_1_haplotype1-0000007_chr21,OTHERSAT,2421955,2513608
NA12881_1_haplotype1-0000007_chr21,DJ,2526705,2858275
NA12881_1_haplotype1-0000007_chr21,rDNA,2992230,3071000
NA12881_1_haplotype1-0000007_chr21,bSat,3494676,3565338
NA12881_1_haplotype1-0000007_chr21,bSat,3641729,3792250
NA12881_1_haplotype1-0000007_chr21,HSat3,3882475,3947059
NA12881_1_haplotype1-0000007_chr21,HSat3,4121224,4327346
NA12881_1_haplotype1-0000007_chr21,HSat3,4644522,4801947
NA12881_1_haplotype1-0000007_chr21,SST1,6791728,6873921
NA12881_1_haplotype1-0000007_chr21,HSat1A,8275952,8517724
NA12881_1_haplotype1-0000010_chr13,HSat3,6808,61423
NA12881_1_haplotype1-0000010_chr13,HSat1A,63144,1186155
NA12881_1_haplotype1-0000010_chr13,HSat3,1213191,1318361
NA12881_1_haplotype1-0000010_chr13,ACRO,1527935,1648263
NA12881_1_haplotype1-0000010_chr13,DJ,1989077,2320458
NA12881_1_haplotype1-0000010_chr13,rDNA,2320458,2418148
NA12881_1_haplotype1-0000010_chr13,SST1,4609791,4707522
NA12881_1_haplotype1-0000010_chr13,HSat1A,6194360,7555996
NA12881_1_haplotype1-0000011_chr14,ACRO,72838,250730
NA12881_1_haplotype1-0000011_chr14,bSat,517703,753969
NA12881_1_haplotype1-0000011_chr14,HSat3,904129,1105349
NA12881_1_haplotype1-0000011_chr14,HSat1A,1105717,1381178
NA12881_1_haplotype1-0000011_chr14,HSat3,1407760,1511448
NA12881_1_haplotype1-0000011_chr14,ACRO,1691417,1867411
NA12881_1_haplotype1-0000011_chr14,OTHERSAT,1883691,1936882
NA12881_1_haplotype1-0000011_chr14,DJ,1963909,2261372
NA12881_1_haplotype1-0000011_chr14,bSat,2662252,2960095
NA12881_1_haplotype1-0000011_chr14,HSat3,3045589,3103859
NA12881_1_haplotype1-0000011_chr14,HSat1B,3303188,3535915
NA12881_1_haplotype1-0000011_chr14,aSat,8327396,9672679
NA12881_1_haplotype1-0000024_chr22,ACRO,8836,179302
NA12881_1_haplotype1-0000024_chr22,bSat,522900,738534
NA12881_1_haplotype1-0000024_chr22,bSat,807763,858608
NA12881_1_haplotype1-0000024_chr22,HSat3,904651,1151513
NA12881_1_haplotype1-0000024_chr22,HSat1A,1152489,2293408
NA12881_1_haplotype1-0000024_chr22,HSat3,2320655,2420771
NA12881_1_haplotype1-0000024_chr22,DJ,3000085,3333111
NA12881_1_haplotype1-0000024_chr22,bSat,3813156,3880477
NA12881_1_haplotype1-0000024_chr22,HSat1B,4241978,4314967
NA12881_1_haplotype1-0000024_chr22,HSat3,4315635,4527258
NA12881_1_haplotype1-0000024_chr22,ACRO,4638815,4740158
NA12881_1_haplotype1-0000024_chr22,bSat,5167983,5254438
NA12881_1_haplotype1-0000024_chr22,HSat3,5658981,5743497
NA12881_1_haplotype1-0000024_chr22,bSat,6078350,6180852
NA12881_1_haplotype1-0000024_chr22,bSat,6252723,6354256
NA12881_1_haplotype1-0000024_chr22,HSat3,7442873,7540026
NA12881_1_haplotype1-0000024_chr22,aSat,9658680,10633127
NA12881_2_haplotype2-0000055_chr15,HSat3,0,618722
NA12881_2_haplotype2-0000055_chr15,aSat,3801716,4352290
NA12881_2_haplotype2-0000058_chr21,HSat3,27374,122168
NA12881_2_haplotype2-0000058_chr21,HSat1B,399812,462277
NA12881_2_haplotype2-0000058_chr21,HSat3,467080,671486
NA12881_2_haplotype2-0000058_chr21,HSat3,892603,1014835
NA12881_2_haplotype2-0000058_chr21,SST1,2666337,2744301
NA12881_2_haplotype2-0000058_chr21,HSat1A,4044366,4664997
NA12881_2_haplotype2-0000061_chr13,HSat3,262401,384582
NA12881_2_haplotype2-0000061_chr13,SST1,2043865,2148722
NA12881_2_haplotype2-0000061_chr13,HSat1A,3786265,4696746
NA12881_2_haplotype2-0000061_chr13,aSat,4696755,4813914
NA12881_2_haplotype2-0000062_chr14,HSat3,745134,911684
NA12881_2_haplotype2-0000062_chr14,bSat,1117789,1340992
NA12881_2_haplotype2-0000062_chr14,HSat3,1673303,1875699
NA12881_2_haplotype2-0000062_chr14,bSat,1963265,2178282
NA12881_2_haplotype2-0000062_chr14,bSat,2239817,2351095
NA12881_2_haplotype2-0000062_chr14,aSat,7224514,7383759
NA12881_2_haplotype2-0000077_chr22,bSat,1407284,1567875
NA12881_2_haplotype2-0000077_chr22,HSat3,2761563,2976279
NA12881_2_haplotype2-0000077_chr22,aSat,5100910,6141209
NA12882_1_haplotype1-0000004_chr22,DJ,13345,327639
NA12882_1_haplotype1-0000004_chr22,ACRO,426292,572306
NA12882_1_haplotype1-0000004_chr22,HSat3,797638,987693
NA12882_1_haplotype1-0000004_chr22,HSat1A,1013770,1592441
NA12882_1_haplotype1-0000004_chr22,HSat3,1592483,1744774
NA12882_1_haplotype1-0000004_chr22,bSat,1749688,2246343
NA12882_1_haplotype1-0000004_chr22,ACRO,2894313,3108869
NA12882_1_haplotype1-0000004_chr22,HSat1B,3816459,4083293
NA12882_1_haplotype1-0000004_chr22,HSat3,4086454,4349164
NA12882_1_haplotype1-0000004_chr22,HSat3,4660373,4765600
NA12882_1_haplotype1-0000004_chr22,bSat,4770894,4861321
NA12882_1_haplotype1-0000004_chr22,HSat3,4964604,5019688
NA12882_1_haplotype1-0000004_chr22,bSat,6452734,6613308
NA12882_1_haplotype1-0000004_chr22,HSat3,7786610,7958860
NA12882_1_haplotype1-0000004_chr22,aSat,9953648,11801742
NA12882_1_haplotype1-0000010_chr21,SST1,1322318,1415781
NA12882_1_haplotype1-0000010_chr21,HSat1A,2728173,2876507
NA12882_1_haplotype1-0000016_chr14,ACRO,66914,215194
NA12882_1_haplotype1-0000016_chr14,bSat,421325,574004
NA12882_1_haplotype1-0000016_chr14,HSat3,616012,972458
NA12882_1_haplotype1-0000016_chr14,HSat1A,974127,1830777
NA12882_1_haplotype1-0000016_chr14,HSat3,1858723,2011333
NA12882_1_haplotype1-0000016_chr14,ACRO,2228806,2365622
NA12882_1_haplotype1-0000016_chr14,OTHERSAT,2381970,2437146
NA12882_1_haplotype1-0000016_chr14,DJ,2472319,2802588
NA12882_1_haplotype1-0000016_chr14,rDNA,2926451,3012209
NA12882_1_haplotype1-0000016_chr14,bSat,3380581,3447435
NA12882_1_haplotype1-0000016_chr14,HSat3,3472769,3527656
NA12882_1_haplotype1-0000016_chr14,HSat1B,3806626,3875510
NA12882_1_haplotype1-0000016_chr14,HSat3,3880882,4087207
NA12882_1_haplotype1-0000016_chr14,bSat,4303494,4517532
NA12882_1_haplotype1-0000016_chr14,HSat3,4871998,5338400
NA12882_1_haplotype1-0000016_chr14,bSat,5425672,5652898
NA12882_1_haplotype1-0000016_chr14,bSat,5718971,5810396
NA12882_1_haplotype1-0000016_chr14,HSat3,6582727,6650838
NA12882_1_haplotype1-0000016_chr14,aSat,8597921,8776518
NA12882_1_haplotype1-0000019_chr15,bSat,354068,428657
NA12882_1_haplotype1-0000019_chr15,HSat1B,1054608,1424332
NA12882_1_haplotype1-0000019_chr15,HSat3,1429109,1512513
NA12882_1_haplotype1-0000019_chr15,HSat3,2147020,5131590
NA12882_1_haplotype1-0000019_chr15,aSat,8309067,9482023
NA12882_1_haplotype1-0000028_chr13,DJ,40407,371790
NA12882_1_haplotype1-0000028_chr13,ACRO,712614,832943
NA12882_1_haplotype1-0000028_chr13,HSat3,1042518,1147688
NA12882_1_haplotype1-0000028_chr13,HSat1A,1174724,2297893
NA12882_1_haplotype1-0000028_chr13,bSat,2861604,2922666
NA12882_1_haplotype1-0000028_chr13,HSat3,2947858,3007787
NA12882_1_haplotype1-0000028_chr13,HSat1B,3320025,3416366
NA12882_1_haplotype1-0000028_chr13,HSat3,3421035,3614066
NA12882_1_haplotype1-0000028_chr13,HSat3,3834806,3956987
NA12882_1_haplotype1-0000028_chr13,SST1,5650257,5747990
NA12882_1_haplotype1-0000028_chr13,HSat1A,7234836,8596472
NA12882_2_haplotype2-0000099_chr22,ACRO,65830,239529
NA12882_2_haplotype2-0000099_chr22,bSat,469897,631971
NA12882_2_haplotype2-0000099_chr22,bSat,810793,1134515
NA12882_2_haplotype2-0000099_chr22,HSat3,1140872,1405729
NA12882_2_haplotype2-0000099_chr22,HSat1A,1406786,2616106
NA12882_2_haplotype2-0000099_chr22,HSat1A,2716521,3215531
NA12882_2_haplotype2-0000099_chr22,HSat3,3231533,3335254
NA12882_2_haplotype2-0000099_chr22,ACRO,3502130,3632102
NA12882_2_haplotype2-0000099_chr22,DJ,3740029,4073093
NA12882_2_haplotype2-0000099_chr22,rDNA,4215953,4394242
NA12882_2_haplotype2-0000099_chr22,bSat,4762613,4829464
NA12882_2_haplotype2-0000099_chr22,HSat3,4854584,4913215
NA12882_2_haplotype2-0000099_chr22,HSat1B,5199389,5309302
NA12882_2_haplotype2-0000099_chr22,HSat3,5310325,5517176
NA12882_2_haplotype2-0000099_chr22,ACRO,5628702,5736337
NA12882_2_haplotype2-0000099_chr22,bSat,6177682,6232432
NA12882_2_haplotype2-0000099_chr22,HSat3,6668801,6753281
NA12882_2_haplotype2-0000099_chr22,bSat,7088255,7189245
NA12882_2_haplotype2-0000099_chr22,bSat,7272860,7363965
NA12882_2_haplotype2-0000099_chr22,HSat3,8450188,8534308
NA12882_2_haplotype2-0000099_chr22,aSat,10463954,11366646
NA12882_2_haplotype2-0000107_chr21,rDNA,29,114980
NA12882_2_haplotype2-0000107_chr21,bSat,431194,530431
NA12882_2_haplotype2-0000107_chr21,HSat1B,1134875,1204764
NA12882_2_haplotype2-0000107_chr21,HSat3,1209455,1384457
NA12882_2_haplotype2-0000107_chr21,HSat3,1605696,1727481
NA12882_2_haplotype2-0000107_chr21,HSat1B,2201494,2271279
NA12882_2_haplotype2-0000107_chr21,HSat3,2275944,2450996
NA12882_2_haplotype2-0000107_chr21,HSat3,2672235,2794020
NA12882_2_haplotype2-0000107_chr21,SST1,4402842,4472342
NA12882_2_haplotype2-0000107_chr21,HSat1A,5786354,5944472
NA12882_2_haplotype2-0000112_chr14,bSat,404704,722386
NA12882_2_haplotype2-0000112_chr14,HSat3,771201,904051
NA12882_2_haplotype2-0000112_chr14,HSat3,959797,1324973
NA12882_2_haplotype2-0000112_chr14,HSat1A,1325106,2749539
NA12882_2_haplotype2-0000112_chr14,HSat3,2776673,2929951
NA12882_2_haplotype2-0000112_chr14,ACRO,3139575,3311612
NA12882_2_haplotype2-0000112_chr14,OTHERSAT,3327979,3396915
NA12882_2_haplotype2-0000112_chr14,DJ,3430666,3756908
NA12882_2_haplotype2-0000112_chr14,rDNA,3756908,4038306
NA12882_2_haplotype2-0000112_chr14,bSat,4401211,4467928
NA12882_2_haplotype2-0000112_chr14,HSat3,4493051,4563837
NA12882_2_haplotype2-0000112_chr14,HSat1B,4866650,4944528
NA12882_2_haplotype2-0000112_chr14,HSat3,4949502,5120580
NA12882_2_haplotype2-0000112_chr14,HSat3,5341366,5452017
NA12882_2_haplotype2-0000112_chr14,HSat3,5552384,5886426
NA12882_2_haplotype2-0000112_chr14,HSat1A,5886686,6632530
NA12882_2_haplotype2-0000112_chr14,HSat3,6659664,6815385
NA12882_2_haplotype2-0000112_chr14,DJ,7400115,7731582
NA12882_2_haplotype2-0000112_chr14,rDNA,7984892,8038854
NA12882_2_haplotype2-0000112_chr14,bSat,8361363,8438032
NA12882_2_haplotype2-0000112_chr14,HSat3,9084522,9362116
NA12882_2_haplotype2-0000112_chr14,bSat,9568591,9825563
NA12882_2_haplotype2-0000112_chr14,HSat3,10156443,10709321
NA12882_2_haplotype2-0000112_chr14,bSat,10796602,11078778
NA12882_2_haplotype2-0000112_chr14,HSat3,12002454,12077938
NA12882_2_haplotype2-0000112_chr14,aSat,14023097,14518210
NA12882_2_haplotype2-0000116_chr15,bSat,364009,736096
NA12882_2_haplotype2-0000116_chr15,HSat3,773400,1138372
NA12882_2_haplotype2-0000116_chr15,HSat1A,1141696,2788842
NA12882_2_haplotype2-0000116_chr15,HSat3,2815898,2925815
NA12882_2_haplotype2-0000116_chr15,ACRO,3111271,3198063
NA12882_2_haplotype2-0000116_chr15,OTHERSAT,3214412,3271267
NA12882_2_haplotype2-0000116_chr15,DJ,3284352,3613192
NA12882_2_haplotype2-0000116_chr15,rDNA,3613192,3852676
NA12882_2_haplotype2-0000116_chr15,bSat,4128600,4241902
NA12882_2_haplotype2-0000116_chr15,HSat1B,4842532,5150121
NA12882_2_haplotype2-0000116_chr15,HSat3,5162707,5301928
NA12882_2_haplotype2-0000116_chr15,HSat3,5833570,7143101
NA12882_2_haplotype2-0000116_chr15,HSat3,7215403,7504193
NA12882_2_haplotype2-0000116_chr15,aSat,10158717,10297539
NA12882_2_haplotype2-0000122_chr13,rDNA,0,77098
NA12882_2_haplotype2-0000122_chr13,bSat,441725,502787
NA12882_2_haplotype2-0000122_chr13,HSat3,528360,619536
NA12882_2_haplotype2-0000122_chr13,HSat1B,894438,979600
NA12882_2_haplotype2-0000122_chr13,HSat3,984295,1171723
NA12882_2_haplotype2-0000122_chr13,HSat3,1392458,1514619
NA12882_2_haplotype2-0000122_chr13,SST1,3173880,3278737
NA12882_2_haplotype2-0000122_chr13,HSat1A,4916289,5823757
NA12883_1_haplotype1-0000004_chr13,HSat3,812022,934183
NA12883_1_haplotype1-0000004_chr13,HSat3,1154914,1342237
NA12883_1_haplotype1-0000004_chr13,HSat1B,1347049,1432211
NA12883_1_haplotype1-0000004_chr13,HSat3,1741145,1799210
NA12883_1_haplotype1-0000004_chr13,SST1,2926900,3031757
NA12883_1_haplotype1-0000004_chr13,HSat1A,4669777,5579792
NA12883_1_haplotype1-0000019_chr21,SST1,786032,855531
NA12883_1_haplotype1-0000019_chr21,HSat1A,2239754,2397872
NA12883_1_haplotype1-0000024_chr22,ACRO,7038,221597
NA12883_1_haplotype1-0000024_chr22,bSat,816261,1312920
NA12883_1_haplotype1-0000024_chr22,HSat3,1317834,1470134
NA12883_1_haplotype1-0000024_chr22,HSat1A,1470176,2046713
NA12883_1_haplotype1-0000024_chr22,HSat1B,2796750,3063584
NA12883_1_haplotype1-0000024_chr22,HSat3,3066745,3329491
NA12883_1_haplotype1-0000024_chr22,HSat3,3640698,3746061
NA12883_1_haplotype1-0000024_chr22,bSat,3751208,3841635
NA12883_1_haplotype1-0000024_chr22,HSat3,3944918,4000002
NA12883_1_haplotype1-0000024_chr22,bSat,5433051,5593626
NA12883_1_haplotype1-0000024_chr22,HSat3,6766935,6938982
NA12883_1_haplotype1-0000024_chr22,aSat,8935042,10782024
NA12883_1_haplotype1-0000025_chr14,ACRO,65980,243872
NA12883_1_haplotype1-0000025_chr14,bSat,510847,747113
NA12883_1_haplotype1-0000025_chr14,HSat3,896956,949974
NA12883_1_haplotype1-0000025_chr14,HSat1A,1059051,1333761
NA12883_1_haplotype1-0000025_chr14,HSat3,1360343,1464031
NA12883_1_haplotype1-0000025_chr14,ACRO,1644000,1819994
NA12883_1_haplotype1-0000025_chr14,OTHERSAT,1836274,1889465
NA12883_1_haplotype1-0000025_chr14,DJ,1916492,2213956
NA12883_1_haplotype1-0000025_chr14,rDNA,2213956,2423746
NA12883_1_haplotype1-0000025_chr14,bSat,2868031,3165872
NA12883_1_haplotype1-0000025_chr14,HSat3,3251365,3312477
NA12883_1_haplotype1-0000025_chr14,HSat3,3486504,3596624
NA12883_1_haplotype1-0000025_chr14,HSat1B,3602236,3834963
NA12883_1_haplotype1-0000025_chr14,aSat,8626495,9971778
NA12883_2_haplotype2-0000078_chr13,ACRO,61395,155060
NA12883_2_haplotype2-0000078_chr13,bSat,369850,1022292
NA12883_2_haplotype2-0000078_chr13,HSat3,1027205,1161034
NA12883_2_haplotype2-0000078_chr13,HSat1A,1162126,1467511
NA12883_2_haplotype2-0000078_chr13,HSat3,1495460,1599194
NA12883_2_haplotype2-0000078_chr13,ACRO,1825029,1957037
NA12883_2_haplotype2-0000078_chr13,DJ,2318445,2649450
NA12883_2_haplotype2-0000078_chr13,HSat1B,2776228,2864459
NA12883_2_haplotype2-0000078_chr13,HSat3,2869122,3165345
NA12883_2_haplotype2-0000078_chr13,HSat3,3386110,3508351
NA12883_2_haplotype2-0000078_chr13,SST1,5119394,5218635
NA12883_2_haplotype2-0000078_chr13,HSat1A,6702516,7544601
NA12883_2_haplotype2-0000080_chr21,bSat,286660,347790
NA12883_2_haplotype2-0000080_chr21,HSat3,372909,467044
NA12883_2_haplotype2-0000080_chr21,HSat1B,745263,807910
NA12883_2_haplotype2-0000080_chr21,HSat3,812580,1015870
NA12883_2_haplotype2-0000080_chr21,HSat3,1237853,1360079
NA12883_2_haplotype2-0000080_chr21,SST1,3011617,3089580
NA12883_2_haplotype2-0000080_chr21,HSat1A,4389635,5010266
NA12883_2_haplotype2-0000081_chr22,HSat3,52921,107420
NA12883_2_haplotype2-0000081_chr22,HSat1B,392451,950486
NA12883_2_haplotype2-0000081_chr22,HSat3,953761,1296106
NA12883_2_haplotype2-0000081_chr22,HSat3,1601378,1706622
NA12883_2_haplotype2-0000081_chr22,HSat3,3026978,3241691
NA12883_2_haplotype2-0000081_chr22,aSat,5366318,6485901
NA12883_2_haplotype2-0000084_chr14,ACRO,68016,176465
NA12883_2_haplotype2-0000084_chr14,bSat,377918,809450
NA12883_2_haplotype2-0000084_chr14,bSat,862153,1067226
NA12883_2_haplotype2-0000084_chr14,HSat3,1072140,1267797
NA12883_2_haplotype2-0000084_chr14,HSat1A,1268291,1959545
NA12883_2_haplotype2-0000084_chr14,HSat3,3149065,3315964
NA12883_2_haplotype2-0000084_chr14,bSat,3520841,3744650
NA12883_2_haplotype2-0000084_chr14,HSat3,4076967,4268697
NA12883_2_haplotype2-0000084_chr14,bSat,4355524,4570543
NA12883_2_haplotype2-0000084_chr14,bSat,4632078,4743356
NA12883_2_haplotype2-0000084_chr14,aSat,9614878,9774123
NA12883_2_haplotype2-0000087_chr15,HSat3,0,1450122
NA12883_2_haplotype2-0000087_chr15,aSat,4631910,5639738
NA12884_1_haplotype1-0000003_chr14,ACRO,70853,248745
NA12884_1_haplotype1-0000003_chr14,bSat,515721,751987
NA12884_1_haplotype1-0000003_chr14,HSat3,902147,1227649
NA12884_1_haplotype1-0000003_chr14,HSat1A,1228017,1502727
NA12884_1_haplotype1-0000003_chr14,HSat3,1529309,1632997
NA12884_1_haplotype1-0000003_chr14,ACRO,1812968,1988958
NA12884_1_haplotype1-0000003_chr14,OTHERSAT,2005238,2058429
NA12884_1_haplotype1-0000003_chr14,DJ,2085456,2382920
NA12884_1_haplotype1-0000003_chr14,rDNA,2382920,2439259
NA12884_1_haplotype1-0000003_chr14,rDNA,2539287,2759993
NA12884_1_haplotype1-0000003_chr14,bSat,3204286,3502128
NA12884_1_haplotype1-0000003_chr14,HSat3,3590792,3648733
NA12884_1_haplotype1-0000003_chr14,HSat3,3822709,3932389
NA12884_1_haplotype1-0000003_chr14,HSat1B,3938496,4171223
NA12884_1_haplotype1-0000003_chr14,aSat,8962789,10308072
NA12884_1_haplotype1-0000009_chr22,rDNA,0,101103
NA12884_1_haplotype1-0000009_chr22,bSat,469475,536326
NA12884_1_haplotype1-0000009_chr22,HSat3,561446,620077
NA12884_1_haplotype1-0000009_chr22,HSat1B,906252,1016165
NA12884_1_haplotype1-0000009_chr22,HSat3,1016882,1224039
NA12884_1_haplotype1-0000009_chr22,ACRO,1335564,1443199
NA12884_1_haplotype1-0000009_chr22,bSat,1884544,1939294
NA12884_1_haplotype1-0000009_chr22,HSat3,2375663,2460143
NA12884_1_haplotype1-0000009_chr22,bSat,2795117,2897628
NA12884_1_haplotype1-0000009_chr22,bSat,2956721,3070829
NA12884_1_haplotype1-0000009_chr22,HSat3,4155979,4241151
NA12884_1_haplotype1-0000009_chr22,aSat,6170802,7073494
NA12884_1_haplotype1-0000010_chr21,ACRO,69441,177136
NA12884_1_haplotype1-0000010_chr21,bSat,437199,710001
NA12884_1_haplotype1-0000010_chr21,bSat,767051,1018549
NA12884_1_haplotype1-0000010_chr21,HSat3,1023483,1139349
NA12884_1_haplotype1-0000010_chr21,HSat1A,1140157,1935276
NA12884_1_haplotype1-0000010_chr21,HSat3,1962994,2115585
NA12884_1_haplotype1-0000010_chr21,ACRO,2325882,2428898
NA12884_1_haplotype1-0000010_chr21,OTHERSAT,2445247,2536900
NA12884_1_haplotype1-0000010_chr21,DJ,2549997,2881569
NA12884_1_haplotype1-0000010_chr21,rDNA,3020776,3181656
NA12884_1_haplotype1-0000010_chr21,bSat,3605387,3676050
NA12884_1_haplotype1-0000010_chr21,bSat,3752441,3902962
NA12884_1_haplotype1-0000010_chr21,HSat3,3995007,4057729
NA12884_1_haplotype1-0000010_chr21,HSat3,4231894,4453574
NA12884_1_haplotype1-0000010_chr21,HSat3,4770557,4994280
NA12884_1_haplotype1-0000010_chr21,SST1,6984085,7066278
NA12884_1_haplotype1-0000010_chr21,HSat1A,8366042,8607814
NA12884_1_haplotype1-0000015_chr15,ACRO,68579,162421
NA12884_1_haplotype1-0000015_chr15,bSat,362667,1126086
NA12884_1_haplotype1-0000015_chr15,HSat3,1131001,1304365
NA12884_1_haplotype1-0000015_chr15,HSat1A,1304654,1894525
NA12884_1_haplotype1-0000015_chr15,HSat3,1920727,2110351
NA12884_1_haplotype1-0000015_chr15,DJ,2452659,2783637
NA12884_1_haplotype1-0000015_chr15,rDNA,2783637,2916470
NA12884_1_haplotype1-0000015_chr15,bSat,3281380,3342510
NA12884_1_haplotype1-0000015_chr15,HSat3,3368083,3425963
NA12884_1_haplotype1-0000015_chr15,HSat1B,3734445,4129276
NA12884_1_haplotype1-0000015_chr15,HSat3,4133850,4238948
NA12884_1_haplotype1-0000015_chr15,HSat1B,4355738,4418103
NA12884_1_haplotype1-0000015_chr15,HSat3,4427023,4487809
NA12884_1_haplotype1-0000015_chr15,HSat3,5051991,8262925
NA12884_1_haplotype1-0000015_chr15,aSat,10831256,11030213
NA12884_1_haplotype1-0000015_chr15,aSat,11083000,11582109
NA12884_1_haplotype1-0000016_chr13,HSat3,9926,64624
NA12884_1_haplotype1-0000016_chr13,HSat1A,66347,1190277
NA12884_1_haplotype1-0000016_chr13,HSat3,1217313,1322483
NA12884_1_haplotype1-0000016_chr13,ACRO,1532057,1652386
NA12884_1_haplotype1-0000016_chr13,DJ,1993202,2324589
NA12884_1_haplotype1-0000016_chr13,HSat3,2517569,2611365
NA12884_1_haplotype1-0000016_chr13,HSat1B,2889596,2985937
NA12884_1_haplotype1-0000016_chr13,HSat3,2990914,3183637
NA12884_1_haplotype1-0000016_chr13,HSat3,3404382,3526563
NA12884_1_haplotype1-0000016_chr13,SST1,5219828,5317561
NA12884_1_haplotype1-0000016_chr13,HSat1A,6804417,8166053
NA12884_2_haplotype2-0000058_chr14,ACRO,72521,180966
NA12884_2_haplotype2-0000058_chr14,bSat,382419,813951
NA12884_2_haplotype2-0000058_chr14,bSat,866654,1071728
NA12884_2_haplotype2-0000058_chr14,HSat3,1076643,1272274
NA12884_2_haplotype2-0000058_chr14,HSat1A,1272768,1965523
NA12884_2_haplotype2-0000058_chr14,HSat3,1991725,2181525
NA12884_2_haplotype2-0000058_chr14,ACRO,2391119,2568893
NA12884_2_haplotype2-0000058_chr14,OTHERSAT,2585244,2653358
NA12884_2_haplotype2-0000058_chr14,rDNA,2829076,2961467
NA12884_2_haplotype2-0000058_chr14,HSat3,3986930,4153800
NA12884_2_haplotype2-0000058_chr14,bSat,4359284,4582488
NA12884_2_haplotype2-0000058_chr14,HSat3,4914798,5117147
NA12884_2_haplotype2-0000058_chr14,bSat,5204714,5419733
NA12884_2_haplotype2-0000058_chr14,bSat,5481268,5592546
NA12884_2_haplotype2-0000058_chr14,aSat,10464119,10905168
NA12884_2_haplotype2-0000067_chr15,bSat,371411,446000
NA12884_2_haplotype2-0000067_chr15,HSat1B,1071959,1441683
NA12884_2_haplotype2-0000067_chr15,HSat3,1446460,1529864
NA12884_2_haplotype2-0000067_chr15,HSat3,2164371,5168526
NA12884_2_haplotype2-0000067_chr15,aSat,8350327,8809443
NA12884_2_haplotype2-0000068_chr13,ACRO,64780,165700
NA12884_2_haplotype2-0000068_chr13,bSat,385058,1070235
NA12884_2_haplotype2-0000068_chr13,HSat3,1075103,1309669
NA12884_2_haplotype2-0000068_chr13,HSat1A,1309701,1558598
NA12884_2_haplotype2-0000068_chr13,HSat3,1586547,1690217
NA12884_2_haplotype2-0000068_chr13,ACRO,1899822,2032680
NA12884_2_haplotype2-0000068_chr13,DJ,2394094,2727227
NA12884_2_haplotype2-0000068_chr13,rDNA,2727227,2789956
NA12884_2_haplotype2-0000068_chr13,rDNA,2889983,3179155
NA12884_2_haplotype2-0000068_chr13,bSat,3532919,3599636
NA12884_2_haplotype2-0000068_chr13,HSat3,3624761,3689742
NA12884_2_haplotype2-0000068_chr13,HSat3,4037955,4298452
NA12884_2_haplotype2-0000068_chr13,HSat3,4520173,4642349
NA12884_2_haplotype2-0000068_chr13,SST1,6235031,6297505
NA12884_2_haplotype2-0000068_chr13,HSat1A,7785151,8677081
NA12884_2_haplotype2-0000071_chr22,ACRO,13939,228494
NA12884_2_haplotype2-0000071_chr22,bSat,877290,1373949
NA12884_2_haplotype2-0000071_chr22,HSat3,1378863,1531165
NA12884_2_haplotype2-0000071_chr22,HSat1A,1531207,2107744
NA12884_2_haplotype2-0000071_chr22,HSat3,2133821,2323885
NA12884_2_haplotype2-0000071_chr22,ACRO,2549221,2695235
NA12884_2_haplotype2-0000071_chr22,DJ,2793888,3108183
NA12884_2_haplotype2-0000071_chr22,rDNA,3225070,3416257
NA12884_2_haplotype2-0000071_chr22,HSat1B,3996530,4263364
NA12884_2_haplotype2-0000071_chr22,HSat3,4266525,4529266
NA12884_2_haplotype2-0000071_chr22,HSat3,4840476,4945703
NA12884_2_haplotype2-0000071_chr22,bSat,4950997,5041313
NA12884_2_haplotype2-0000071_chr22,HSat3,5144707,5199791
NA12884_2_haplotype2-0000071_chr22,bSat,6632843,6793418
NA12884_2_haplotype2-0000071_chr22,HSat3,7966755,8138975
NA12884_2_haplotype2-0000071_chr22,aSat,10134879,11647908
NA12884_2_haplotype2-0000075_chr21,ACRO,67830,262475
NA12884_2_haplotype2-0000075_chr21,bSat,448568,859561
NA12884_2_haplotype2-0000075_chr21,HSat3,909627,1425915
NA12884_2_haplotype2-0000075_chr21,HSat1A,1425968,2279742
NA12884_2_haplotype2-0000075_chr21,HSat3,2305946,2487363
NA12884_2_haplotype2-0000075_chr21,ACRO,2696962,2850651
NA12884_2_haplotype2-0000075_chr21,OTHERSAT,2867002,2935115
NA12884_2_haplotype2-0000075_chr21,DJ,2968902,3301868
NA12884_2_haplotype2-0000075_chr21,HSat3,3490539,3584674
NA12884_2_haplotype2-0000075_chr21,HSat1B,3862902,3925549
NA12884_2_haplotype2-0000075_chr21,HSat3,3930219,4134634
NA12884_2_haplotype2-0000075_chr21,HSat3,4355493,4477719
NA12884_2_haplotype2-0000075_chr21,SST1,6129259,6207223
NA12884_2_haplotype2-0000075_chr21,HSat1A,7507291,8127922
NA12885_1_haplotype1-0000009_chr22,ACRO,7269,177735
NA12885_1_haplotype1-0000009_chr22,bSat,521333,736967
NA12885_1_haplotype1-0000009_chr22,bSat,806197,857043
NA12885_1_haplotype1-0000009_chr22,HSat3,903040,1150849
NA12885_1_haplotype1-0000009_chr22,HSat1A,1152901,2344126
NA12885_1_haplotype1-0000009_chr22,HSat3,2371373,2471498
NA12885_1_haplotype1-0000009_chr22,DJ,3050822,3383856
NA12885_1_haplotype1-0000009_chr22,rDNA,3383856,3512997
NA12885_1_haplotype1-0000009_chr22,bSat,3880871,3948192
NA12885_1_haplotype1-0000009_chr22,HSat1B,4309639,4382628
NA12885_1_haplotype1-0000009_chr22,HSat3,4383296,4594927
NA12885_1_haplotype1-0000009_chr22,ACRO,4706485,4807824
NA12885_1_haplotype1-0000009_chr22,bSat,5256105,5342560
NA12885_1_haplotype1-0000009_chr22,HSat3,5747107,5831637
NA12885_1_haplotype1-0000009_chr22,bSat,6166486,6268989
NA12885_1_haplotype1-0000009_chr22,bSat,6340860,6442393
NA12885_1_haplotype1-0000009_chr22,HSat3,7531019,7627998
NA12885_1_haplotype1-0000009_chr22,aSat,9746813,10721260
NA12885_1_haplotype1-0000011_chr13,ACRO,62916,163836
NA12885_1_haplotype1-0000011_chr13,bSat,383194,1068381
NA12885_1_haplotype1-0000011_chr13,HSat3,1073249,1307815
NA12885_1_haplotype1-0000011_chr13,HSat1A,1307847,1556744
NA12885_1_haplotype1-0000011_chr13,HSat3,1584693,1688363
NA12885_1_haplotype1-0000011_chr13,ACRO,1897967,2030825
NA12885_1_haplotype1-0000011_chr13,DJ,2392239,2725378
NA12885_1_haplotype1-0000011_chr13,rDNA,2841838,3020439
NA12885_1_haplotype1-0000011_chr13,bSat,3374208,3440925
NA12885_1_haplotype1-0000011_chr13,HSat3,3466049,3531030
NA12885_1_haplotype1-0000011_chr13,HSat3,3879241,4139733
NA12885_1_haplotype1-0000011_chr13,HSat3,4361454,4483630
NA12885_1_haplotype1-0000011_chr13,SST1,6076294,6138768
NA12885_1_haplotype1-0000011_chr13,HSat1A,7625758,8512289
NA12885_1_haplotype1-0000013_chr14,ACRO,66412,214692
NA12885_1_haplotype1-0000013_chr14,bSat,420823,573502
NA12885_1_haplotype1-0000013_chr14,HSat3,615511,971876
NA12885_1_haplotype1-0000013_chr14,HSat1A,973641,1829535
NA12885_1_haplotype1-0000013_chr14,HSat3,1857481,2010091
NA12885_1_haplotype1-0000013_chr14,ACRO,2227567,2364383
NA12885_1_haplotype1-0000013_chr14,OTHERSAT,2380731,2435907
NA12885_1_haplotype1-0000013_chr14,DJ,2471080,2801350
NA12885_1_haplotype1-0000013_chr14,rDNA,2801350,2953271
NA12885_1_haplotype1-0000013_chr14,rDNA,3054801,3266685
NA12885_1_haplotype1-0000013_chr14,bSat,3635058,3701912
NA12885_1_haplotype1-0000013_chr14,HSat3,3727246,3782128
NA12885_1_haplotype1-0000013_chr14,HSat1B,4061096,4129980
NA12885_1_haplotype1-0000013_chr14,HSat3,4135352,4341676
NA12885_1_haplotype1-0000013_chr14,bSat,4557964,4772002
NA12885_1_haplotype1-0000013_chr14,HSat3,5126470,5593923
NA12885_1_haplotype1-0000013_chr14,bSat,5680193,5907419
NA12885_1_haplotype1-0000013_chr14,bSat,5973492,6064917
NA12885_1_haplotype1-0000013_chr14,HSat3,6582803,6650749
NA12885_1_haplotype1-0000013_chr14,aSat,8598003,9009898
NA12885_1_haplotype1-0000016_chr15,ACRO,66077,239776
NA12885_1_haplotype1-0000016_chr15,bSat,470149,632223
NA12885_1_haplotype1-0000016_chr15,bSat,811031,1134767
NA12885_1_haplotype1-0000016_chr15,HSat3,1141124,1405982
NA12885_1_haplotype1-0000016_chr15,HSat1A,1407039,3448724
NA12885_1_haplotype1-0000016_chr15,HSat3,3464726,3568447
NA12885_1_haplotype1-0000016_chr15,ACRO,3735323,3865295
NA12885_1_haplotype1-0000016_chr15,DJ,3973222,4304667
NA12885_1_haplotype1-0000016_chr15,bSat,4761156,4842999
NA12885_1_haplotype1-0000016_chr15,HSat1B,5468951,5838675
NA12885_1_haplotype1-0000016_chr15,HSat3,5844216,5926856
NA12885_1_haplotype1-0000016_chr15,HSat3,6561363,9561962
NA12885_1_haplotype1-0000016_chr15,aSat,12745034,13202880
NA12885_1_haplotype1-0000025_chr21,ACRO,68139,175834
NA12885_1_haplotype1-0000025_chr21,bSat,435897,708699
NA12885_1_haplotype1-0000025_chr21,bSat,765749,1017247
NA12885_1_haplotype1-0000025_chr21,HSat3,1022181,1138047
NA12885_1_haplotype1-0000025_chr21,HSat1A,1138855,1936220
NA12885_1_haplotype1-0000025_chr21,HSat3,1963938,2116529
NA12885_1_haplotype1-0000025_chr21,ACRO,2326820,2429836
NA12885_1_haplotype1-0000025_chr21,OTHERSAT,2446185,2537838
NA12885_1_haplotype1-0000025_chr21,DJ,2550935,2882504
NA12885_1_haplotype1-0000025_chr21,rDNA,2982406,3203412
NA12885_1_haplotype1-0000025_chr21,bSat,3627136,3697799
NA12885_1_haplotype1-0000025_chr21,bSat,3774190,3924711
NA12885_1_haplotype1-0000025_chr21,HSat3,4016754,4079476
NA12885_1_haplotype1-0000025_chr21,HSat3,4253642,4475322
NA12885_1_haplotype1-0000025_chr21,HSat3,4792305,5016028
NA12885_1_haplotype1-0000025_chr21,SST1,7005817,7088010
NA12885_1_haplotype1-0000025_chr21,HSat1A,8387761,8629533
NA12885_2_haplotype2-0000064_chr14,ACRO,68646,246538
NA12885_2_haplotype2-0000064_chr14,bSat,513511,749777
NA12885_2_haplotype2-0000064_chr14,HSat3,899936,1225438
NA12885_2_haplotype2-0000064_chr14,HSat1A,1225806,1501267
NA12885_2_haplotype2-0000064_chr14,HSat3,1527849,1631537
NA12885_2_haplotype2-0000064_chr14,ACRO,1811507,1987501
NA12885_2_haplotype2-0000064_chr14,OTHERSAT,2003781,2056972
NA12885_2_haplotype2-0000064_chr14,DJ,2083999,2381463
NA12885_2_haplotype2-0000064_chr14,rDNA,2509260,2604906
NA12885_2_haplotype2-0000064_chr14,bSat,3049198,3347040
NA12885_2_haplotype2-0000064_chr14,HSat3,3435705,3493646
NA12885_2_haplotype2-0000064_chr14,HSat3,3667622,3777302
NA12885_2_haplotype2-0000064_chr14,HSat1B,3783409,4016136
NA12885_2_haplotype2-0000064_chr14,aSat,8807694,10152976
NA12885_2_haplotype2-0000067_chr22,ACRO,66296,168722
NA12885_2_haplotype2-0000067_chr22,bSat,577808,1019979
NA12885_2_haplotype2-0000067_chr22,HSat3,1048684,1613962
NA12885_2_haplotype2-0000067_chr22,HSat1A,1615322,3396896
NA12885_2_haplotype2-0000067_chr22,HSat3,3423621,3535827
NA12885_2_haplotype2-0000067_chr22,DJ,3852028,4183538
NA12885_2_haplotype2-0000067_chr22,rDNA,4309152,4387810
NA12885_2_haplotype2-0000067_chr22,bSat,4676421,4822313
NA12885_2_haplotype2-0000067_chr22,HSat3,4847647,4902146
NA12885_2_haplotype2-0000067_chr22,HSat1B,5187175,5745210
NA12885_2_haplotype2-0000067_chr22,HSat3,5748485,6090826
NA12885_2_haplotype2-0000067_chr22,HSat3,6396098,6501326
NA12885_2_haplotype2-0000067_chr22,bSat,6506620,6596936
NA12885_2_haplotype2-0000067_chr22,HSat3,6711221,6766310
NA12885_2_haplotype2-0000067_chr22,bSat,8103823,8263353
NA12885_2_haplotype2-0000067_chr22,HSat3,9457597,9672225
NA12885_2_haplotype2-0000067_chr22,aSat,11796930,12837217
NA12885_2_haplotype2-0000069_chr13,HSat3,3624,58426
NA12885_2_haplotype2-0000069_chr13,HSat1A,60147,1184076
NA12885_2_haplotype2-0000069_chr13,HSat3,1211112,1316282
NA12885_2_haplotype2-0000069_chr13,ACRO,1525855,1646185
NA12885_2_haplotype2-0000069_chr13,DJ,1987000,2318386
NA12885_2_haplotype2-0000069_chr13,rDNA,2318386,2490611
NA12885_2_haplotype2-0000069_chr13,bSat,2855242,2916304
NA12885_2_haplotype2-0000069_chr13,HSat3,2941496,3035437
NA12885_2_haplotype2-0000069_chr13,HSat1B,3313666,3410007
NA12885_2_haplotype2-0000069_chr13,HSat3,3414984,3607702
NA12885_2_haplotype2-0000069_chr13,HSat3,3828447,3950628
NA12885_2_haplotype2-0000069_chr13,SST1,5665602,5763335
NA12885_2_haplotype2-0000069_chr13,HSat1A,7250189,8611825
NA12885_2_haplotype2-0000072_chr15,bSat,364816,736903
NA12885_2_haplotype2-0000072_chr15,HSat3,774197,1140121
NA12885_2_haplotype2-0000072_chr15,HSat1A,1142472,2791997
NA12885_2_haplotype2-0000072_chr15,HSat3,2819053,2928970
NA12885_2_haplotype2-0000072_chr15,ACRO,3114420,3201212
NA12885_2_haplotype2-0000072_chr15,OTHERSAT,3217561,3274416
NA12885_2_haplotype2-0000072_chr15,DJ,3287501,3616343
NA12885_2_haplotype2-0000072_chr15,rDNA,3734182,3804057
NA12885_2_haplotype2-0000072_chr15,bSat,4079980,4193282
NA12885_2_haplotype2-0000072_chr15,HSat1B,4793915,5101504
NA12885_2_haplotype2-0000072_chr15,HSat3,5114090,5253311
NA12885_2_haplotype2-0000072_chr15,HSat3,5784953,7094484
NA12885_2_haplotype2-0000072_chr15,HSat3,7166786,7455576
NA12885_2_haplotype2-0000072_chr15,aSat,10110105,10248927
NA12885_2_haplotype2-0000078_chr21,ACRO,70457,329218
NA12885_2_haplotype2-0000078_chr21,bSat,593110,1023630
NA12885_2_haplotype2-0000078_chr21,HSat3,1028499,1227123
NA12885_2_haplotype2-0000078_chr21,HSat1A,1227154,1809302
NA12885_2_haplotype2-0000078_chr21,HSat3,1834491,2016148
NA12885_2_haplotype2-0000078_chr21,DJ,2576615,2907014
NA12885_2_haplotype2-0000078_chr21,rDNA,2907014,2961307
NA12885_2_haplotype2-0000078_chr21,bSat,3408047,3507284
NA12885_2_haplotype2-0000078_chr21,HSat1B,4111725,4181614
NA12885_2_haplotype2-0000078_chr21,HSat3,4186305,4361546
NA12885_2_haplotype2-0000078_chr21,HSat3,4582545,4704330
NA12885_2_haplotype2-0000078_chr21,SST1,6317512,6410981
NA12885_2_haplotype2-0000078_chr21,HSat1A,7710958,7859292
NA12886_1_haplotype1-0000005_chr21,SST1,845607,915107
NA12886_1_haplotype1-0000005_chr21,HSat1A,2299729,2457847
NA12886_1_haplotype1-0000009_chr14,ACRO,75050,183499
NA12886_1_haplotype1-0000009_chr14,bSat,384952,816484
NA12886_1_haplotype1-0000009_chr14,bSat,869187,1074261
NA12886_1_haplotype1-0000009_chr14,HSat3,1079176,1274808
NA12886_1_haplotype1-0000009_chr14,HSat1A,1275302,1968057
NA12886_1_haplotype1-0000009_chr14,HSat3,1994259,2184059
NA12886_1_haplotype1-0000009_chr14,ACRO,2393653,2571427
NA12886_1_haplotype1-0000009_chr14,OTHERSAT,2587778,2655892
NA12886_1_haplotype1-0000009_chr14,DJ,2689679,3021392
NA12886_1_haplotype1-0000009_chr14,rDNA,3021392,3106929
NA12886_1_haplotype1-0000009_chr14,rDNA,3206931,3265992
NA12886_1_haplotype1-0000009_chr14,HSat3,4291447,4458317
NA12886_1_haplotype1-0000009_chr14,bSat,4663195,4887003
NA12886_1_haplotype1-0000009_chr14,HSat3,5219310,5421659
NA12886_1_haplotype1-0000009_chr14,bSat,5509225,5724244
NA12886_1_haplotype1-0000009_chr14,bSat,5785779,5897057
NA12886_1_haplotype1-0000009_chr14,aSat,10768621,10927866
NA12886_1_haplotype1-0000015_chr22,ACRO,64954,238653
NA12886_1_haplotype1-0000015_chr22,bSat,469025,631099
NA12886_1_haplotype1-0000015_chr22,bSat,809921,1133643
NA12886_1_haplotype1-0000015_chr22,HSat3,1140000,1404857
NA12886_1_haplotype1-0000015_chr22,HSat1A,1405914,3391424
NA12886_1_haplotype1-0000015_chr22,HSat3,3407426,3511147
NA12886_1_haplotype1-0000015_chr22,ACRO,3678024,3807996
NA12886_1_haplotype1-0000015_chr22,rDNA,4037479,4374788
NA12886_1_haplotype1-0000015_chr22,bSat,4743159,4810010
NA12886_1_haplotype1-0000015_chr22,HSat3,4835130,4893761
NA12886_1_haplotype1-0000015_chr22,HSat1B,5179935,5289848
NA12886_1_haplotype1-0000015_chr22,HSat3,5290871,5497722
NA12886_1_haplotype1-0000015_chr22,ACRO,5609247,5716882
NA12886_1_haplotype1-0000015_chr22,bSat,6158228,6212978
NA12886_1_haplotype1-0000015_chr22,HSat3,6649347,6733827
NA12886_1_haplotype1-0000015_chr22,bSat,7068799,7169789
NA12886_1_haplotype1-0000015_chr22,bSat,7253404,7344509
NA12886_1_haplotype1-0000015_chr22,HSat3,8430723,8514818
NA12886_1_haplotype1-0000015_chr22,aSat,10444469,11347161
NA12886_1_haplotype1-0000017_chr13,bSat,405656,466718
NA12886_1_haplotype1-0000017_chr13,HSat3,491910,585851
NA12886_1_haplotype1-0000017_chr13,HSat1B,864073,960414
NA12886_1_haplotype1-0000017_chr13,HSat3,965226,1158114
NA12886_1_haplotype1-0000017_chr13,HSat3,1378859,1501040
NA12886_1_haplotype1-0000017_chr13,SST1,3194300,3292033
NA12886_1_haplotype1-0000017_chr13,HSat1A,4778798,6140518
NA12886_1_haplotype1-0000027_chr15,rDNA,0,142416
NA12886_1_haplotype1-0000027_chr15,bSat,464395,538984
NA12886_1_haplotype1-0000027_chr15,HSat1B,1164936,1534660
NA12886_1_haplotype1-0000027_chr15,HSat3,1539437,1622841
NA12886_1_haplotype1-0000027_chr15,HSat3,2257348,5261503
NA12886_1_haplotype1-0000027_chr15,aSat,8450262,9456820
NA12886_2_haplotype2-0000078_chr21,ACRO,67837,326598
NA12886_2_haplotype2-0000078_chr21,bSat,590490,1020909
NA12886_2_haplotype2-0000078_chr21,HSat3,1025776,1224146
NA12886_2_haplotype2-0000078_chr21,HSat1A,1224956,1766758
NA12886_2_haplotype2-0000078_chr21,HSat3,1791947,1973604
NA12886_2_haplotype2-0000078_chr21,DJ,2534070,2864470
NA12886_2_haplotype2-0000078_chr21,rDNA,2864470,2916394
NA12886_2_haplotype2-0000078_chr21,rDNA,3016394,3655423
NA12886_2_haplotype2-0000078_chr21,bSat,3971638,4070875
NA12886_2_haplotype2-0000078_chr21,HSat1B,4675316,4745205
NA12886_2_haplotype2-0000078_chr21,HSat3,4749896,4925137
NA12886_2_haplotype2-0000078_chr21,HSat3,5146138,5267923
NA12886_2_haplotype2-0000078_chr21,SST1,6881105,6974574
NA12886_2_haplotype2-0000078_chr21,HSat1A,8302205,8450539
NA12886_2_haplotype2-0000085_chr14,bSat,403889,713621
NA12886_2_haplotype2-0000085_chr14,HSat3,740851,1511790
NA12886_2_haplotype2-0000085_chr14,HSat1A,1512050,2260121
NA12886_2_haplotype2-0000085_chr14,HSat3,2287255,2442976
NA12886_2_haplotype2-0000085_chr14,DJ,3027704,3359176
NA12886_2_haplotype2-0000085_chr14,rDNA,3359176,3417234
NA12886_2_haplotype2-0000085_chr14,rDNA,3517264,3620677
NA12886_2_haplotype2-0000085_chr14,bSat,3943187,4019857
NA12886_2_haplotype2-0000085_chr14,HSat3,4666347,4943920
NA12886_2_haplotype2-0000085_chr14,bSat,5150861,5407367
NA12886_2_haplotype2-0000085_chr14,HSat3,5738244,6268503
NA12886_2_haplotype2-0000085_chr14,bSat,6354783,6636960
NA12886_2_haplotype2-0000085_chr14,HSat3,7257322,7332803
NA12886_2_haplotype2-0000085_chr14,aSat,9278199,9773449
NA12886_2_haplotype2-0000086_chr13,ACRO,62568,163488
NA12886_2_haplotype2-0000086_chr13,bSat,376579,1068023
NA12886_2_haplotype2-0000086_chr13,HSat3,1072891,1307457
NA12886_2_haplotype2-0000086_chr13,HSat1A,1307489,1556386
NA12886_2_haplotype2-0000086_chr13,HSat3,1584335,1688005
NA12886_2_haplotype2-0000086_chr13,ACRO,1897611,2030469
NA12886_2_haplotype2-0000086_chr13,DJ,2391883,2725016
NA12886_2_haplotype2-0000086_chr13,rDNA,2725016,2785057
NA12886_2_haplotype2-0000086_chr13,rDNA,2885062,3047922
NA12886_2_haplotype2-0000086_chr13,bSat,3505171,3571888
NA12886_2_haplotype2-0000086_chr13,HSat3,3597012,3661993
NA12886_2_haplotype2-0000086_chr13,HSat3,4010203,4197775
NA12886_2_haplotype2-0000086_chr13,HSat3,4418753,4540929
NA12886_2_haplotype2-0000086_chr13,SST1,6133591,6196065
NA12886_2_haplotype2-0000086_chr13,HSat1A,7683673,8575603
NA12886_2_haplotype2-0000091_chr22,ACRO,4605,219160
NA12886_2_haplotype2-0000091_chr22,bSat,867129,1363789
NA12886_2_haplotype2-0000091_chr22,HSat3,1368703,1521005
NA12886_2_haplotype2-0000091_chr22,HSat1A,1521047,2097584
NA12886_2_haplotype2-0000091_chr22,HSat3,2123661,2313725
NA12886_2_haplotype2-0000091_chr22,ACRO,2539058,2685072
NA12886_2_haplotype2-0000091_chr22,DJ,2783725,3098018
NA12886_2_haplotype2-0000091_chr22,rDNA,3098018,3153064
NA12886_2_haplotype2-0000091_chr22,HSat1B,3869723,4136557
NA12886_2_haplotype2-0000091_chr22,HSat3,4139718,4402464
NA12886_2_haplotype2-0000091_chr22,HSat3,4713671,4819045
NA12886_2_haplotype2-0000091_chr22,bSat,4824192,4914508
NA12886_2_haplotype2-0000091_chr22,HSat3,5017902,5072986
NA12886_2_haplotype2-0000091_chr22,bSat,6506038,6666613
NA12886_2_haplotype2-0000091_chr22,HSat3,7839953,8012173
NA12886_2_haplotype2-0000091_chr22,aSat,10006963,11521102
NA12886_2_haplotype2-0000095_chr15,bSat,362583,734670
NA12886_2_haplotype2-0000095_chr15,HSat3,772472,1137889
NA12886_2_haplotype2-0000095_chr15,HSat1A,1140240,2787386
NA12886_2_haplotype2-0000095_chr15,HSat3,2814442,2924359
NA12886_2_haplotype2-0000095_chr15,ACRO,3109813,3196605
NA12886_2_haplotype2-0000095_chr15,OTHERSAT,3212954,3269809
NA12886_2_haplotype2-0000095_chr15,DJ,3282894,3611733
NA12886_2_haplotype2-0000095_chr15,rDNA,3611733,3746218
NA12886_2_haplotype2-0000095_chr15,bSat,4022141,4135443
NA12886_2_haplotype2-0000095_chr15,HSat1B,4736077,5043666
NA12886_2_haplotype2-0000095_chr15,HSat3,5056252,5195473
NA12886_2_haplotype2-0000095_chr15,HSat3,5727115,7034827
NA12886_2_haplotype2-0000095_chr15,HSat3,7107129,7395919
NA12886_2_haplotype2-0000095_chr15,aSat,10050439,10189261
NA12887_1_haplotype1-0000006_chr21,rDNA,0,79993
NA12887_1_haplotype1-0000006_chr21,bSat,396208,495445
NA12887_1_haplotype1-0000006_chr21,HSat1B,1099881,1169770
NA12887_1_haplotype1-0000006_chr21,HSat3,1175044,1349449
NA12887_1_haplotype1-0000006_chr21,HSat3,1570690,1692475
NA12887_1_haplotype1-0000006_chr21,HSat1A,4355660,4503994
NA12887_1_haplotype1-0000012_chr15,bSat,370782,744720
NA12887_1_haplotype1-0000012_chr15,HSat3,782014,1148008
NA12887_1_haplotype1-0000012_chr15,HSat1A,1150359,2772940
NA12887_1_haplotype1-0000012_chr15,HSat3,2799996,2909896
NA12887_1_haplotype1-0000012_chr15,ACRO,3095352,3182144
NA12887_1_haplotype1-0000012_chr15,OTHERSAT,3198493,3255348
NA12887_1_haplotype1-0000012_chr15,DJ,3268433,3597267
NA12887_1_haplotype1-0000012_chr15,rDNA,3597267,3865520
NA12887_1_haplotype1-0000012_chr15,bSat,4141444,4254746
NA12887_1_haplotype1-0000012_chr15,HSat1B,4855378,5162967
NA12887_1_haplotype1-0000012_chr15,HSat3,5175553,5314774
NA12887_1_haplotype1-0000012_chr15,HSat3,5586339,6465167
NA12887_1_haplotype1-0000012_chr15,HSat3,6537469,6826259
NA12887_1_haplotype1-0000012_chr15,aSat,9482052,9619603
NA12887_1_haplotype1-0000013_chr13,rDNA,88,199920
NA12887_1_haplotype1-0000013_chr13,bSat,553686,620403
NA12887_1_haplotype1-0000013_chr13,HSat3,645526,710505
NA12887_1_haplotype1-0000013_chr13,HSat3,1058717,1320284
NA12887_1_haplotype1-0000013_chr13,HSat3,1821006,1943247
NA12887_1_haplotype1-0000013_chr13,SST1,3554278,3653518
NA12887_1_haplotype1-0000013_chr13,HSat1A,5137355,5979440
NA12887_1_haplotype1-0000019_chr14,ACRO,66602,244494
NA12887_1_haplotype1-0000019_chr14,bSat,511468,747734
NA12887_1_haplotype1-0000019_chr14,HSat3,898237,1223405
NA12887_1_haplotype1-0000019_chr14,HSat1A,1223773,1499234
NA12887_1_haplotype1-0000019_chr14,HSat3,1525816,1629507
NA12887_1_haplotype1-0000019_chr14,ACRO,1809476,1985470
NA12887_1_haplotype1-0000019_chr14,OTHERSAT,2001750,2054941
NA12887_1_haplotype1-0000019_chr14,DJ,2081968,2379431
NA12887_1_haplotype1-0000019_chr14,rDNA,2379431,2516942
NA12887_1_haplotype1-0000019_chr14,bSat,2961228,3259070
NA12887_1_haplotype1-0000019_chr14,HSat3,3347733,3405674
NA12887_1_haplotype1-0000019_chr14,HSat3,3579646,3689326
NA12887_1_haplotype1-0000019_chr14,HSat1B,3695433,3928160
NA12887_1_haplotype1-0000019_chr14,aSat,8719713,10055452
NA12887_1_haplotype1-0000021_chr22,rDNA,0,184374
NA12887_1_haplotype1-0000021_chr22,HSat1B,764639,1031473
NA12887_1_haplotype1-0000021_chr22,HSat3,1034634,1297380
NA12887_1_haplotype1-0000021_chr22,HSat3,1608588,1713962
NA12887_1_haplotype1-0000021_chr22,bSat,1719109,1809536
NA12887_1_haplotype1-0000021_chr22,HSat3,1912819,1967902
NA12887_1_haplotype1-0000021_chr22,bSat,3400924,3561515
NA12887_1_haplotype1-0000021_chr22,HSat3,4734811,4907071
NA12887_1_haplotype1-0000021_chr22,aSat,6902962,8745852
NA12887_2_haplotype2-0000065_chr21,rDNA,0,50005
NA12887_2_haplotype2-0000065_chr21,bSat,473733,544396
NA12887_2_haplotype2-0000065_chr21,bSat,620787,771308
NA12887_2_haplotype2-0000065_chr21,HSat3,859055,926073
NA12887_2_haplotype2-0000065_chr21,HSat3,1100217,1321387
NA12887_2_haplotype2-0000065_chr21,HSat3,1638874,1862604
NA12887_2_haplotype2-0000065_chr21,HSat1A,5158974,5400746
NA12887_2_haplotype2-0000070_chr15,rDNA,0,104324
NA12887_2_haplotype2-0000070_chr15,bSat,469209,530339
NA12887_2_haplotype2-0000070_chr15,HSat3,555530,611418
NA12887_2_haplotype2-0000070_chr15,HSat1B,921409,1329050
NA12887_2_haplotype2-0000070_chr15,HSat3,1336823,1464149
NA12887_2_haplotype2-0000070_chr15,HSat3,1647635,2096836
NA12887_2_haplotype2-0000070_chr15,HSat3,2147819,6014994
NA12887_2_haplotype2-0000070_chr15,HSat3,6065993,8332102
NA12887_2_haplotype2-0000076_chr13,HSat3,0,62775
NA12887_2_haplotype2-0000076_chr13,SST1,1655431,1717905
NA12887_2_haplotype2-0000076_chr13,HSat1A,3205535,4094239
NA12887_2_haplotype2-0000080_chr22,rDNA,29,50386
NA12887_2_haplotype2-0000080_chr22,bSat,444618,590751
NA12887_2_haplotype2-0000080_chr22,HSat3,616085,670584
NA12887_2_haplotype2-0000080_chr22,HSat1B,955614,1513649
NA12887_2_haplotype2-0000080_chr22,HSat3,1516924,1859266
NA12887_2_haplotype2-0000080_chr22,HSat3,2164538,2269756
NA12887_2_haplotype2-0000080_chr22,bSat,2275050,2365477
NA12887_2_haplotype2-0000080_chr22,HSat3,2479621,2534710
NA12887_2_haplotype2-0000080_chr22,bSat,3871134,4031725
NA12887_2_haplotype2-0000080_chr22,HSat3,5225463,5464207
NA12887_2_haplotype2-0000080_chr22,aSat,7588861,8708370
NA12887_2_haplotype2-0000093_chr14,HSat3,0,82504
NA12887_2_haplotype2-0000093_chr14,HSat1A,110450,966344
NA12887_2_haplotype2-0000093_chr14,HSat3,968109,1309753
NA12887_2_haplotype2-0000093_chr14,bSat,1351762,1504440
NA12887_2_haplotype2-0000093_chr14,ACRO,1710573,1858853
NA12887_2_haplotype2-0000093_chr14,bSat,2432940,2499793
NA12887_2_haplotype2-0000093_chr14,HSat3,2524914,2577123
NA12887_2_haplotype2-0000093_chr14,HSat1B,2858974,2927858
NA12887_2_haplotype2-0000093_chr14,HSat3,2933230,3141299
NA12887_2_haplotype2-0000093_chr14,bSat,3355853,3569891
NA12887_2_haplotype2-0000093_chr14,HSat3,3924359,4390781
NA12887_2_haplotype2-0000093_chr14,bSat,4478054,4705280
NA12887_2_haplotype2-0000093_chr14,bSat,4771353,4862778
NA12887_2_haplotype2-0000093_chr14,HSat3,5380661,5448605
NA12887_2_haplotype2-0000093_chr14,aSat,7395859,7574456
