arm,chrom,source,segment,slot,start,end,bp,pred,post,slot_sat_mass
NA12877_h2_chr14,chr14,pedigree,distal,9,2382234,2437410,55176,,,0.0097442143727162
NA12877_h1_chr15,chr15,pedigree,distal,9,3214617,3271472,56855,,,0.0097442143727162
NA12878_h2_chr13,chr13,pedigree,distal,8,2557057,2613714,56657,ACRO,0.9508928571428572,0.797153024911032
NA12878_h2_chr14,chr14,pedigree,distal,9,2010855,2064046,53191,,,0.0097442143727162
NA12878_h1_chr21,chr21,pedigree,distal,9,4002285,4071221,68936,,,0.0097442143727162
NA12879_h2_chr14,chr14,pedigree,distal,9,2004823,2058014,53191,,,0.0097442143727162
NA12882_h1_chr14,chr14,pedigree,distal,9,2381970,2437146,55176,,,0.0097442143727162
NA12882_h2_chr14,chr14,pedigree,distal,9,3327979,3396915,68936,,,0.0097442143727162
NA12882_h2_chr15,chr15,pedigree,distal,9,3214412,3271267,56855,,,0.0097442143727162
NA12883_h1_chr14,chr14,pedigree,distal,9,1836274,1889465,53191,,,0.0097442143727162
NA12884_h1_chr14,chr14,pedigree,distal,9,2005238,2058429,53191,,,0.0097442143727162
NA12885_h1_chr14,chr14,pedigree,distal,9,2380731,2435907,55176,,,0.0097442143727162
NA12885_h2_chr14,chr14,pedigree,distal,9,2003781,2056972,53191,,,0.0097442143727162
NA12887_h1_chr14,chr14,pedigree,distal,9,2001750,2054941,53191,,,0.0097442143727162
NA12887_h1_chr15,chr15,pedigree,distal,9,3198493,3255348,56855,,,0.0097442143727162
K200080_h1_chr13,chr13,pedigree,proximal,15,4068760,4122743,53983,HSat3,0.9857723577235772,0.9899396378269618
K200081_h2_chr15,chr15,pedigree,distal,9,500675,557530,56855,,,0.0097442143727162
K200084_h2_chr14,chr14,pedigree,distal,9,1951906,2005097,53191,,,0.0097442143727162
K200085_h2_chr14,chr14,pedigree,distal,9,2001068,2054259,53191,,,0.0097442143727162
HG00097_h1_chr21,chr21,censat,distal,1,66693,342838,276145,ACRO,0.8491379310344828,0.9789029535864978
HG00097_h1_chr21,chr21,censat,distal,8,2330630,2411868,81238,ACRO,0.9508928571428572,0.797153024911032
HG00097_h1_chr21,chr21,censat,proximal,13,7052125,7121664,69539,SST1,0.838235294117647,0.9315068493150686
HG00097_h1_chr22,chr22,censat,distal,1,67173,243155,175982,ACRO,0.8491379310344828,0.9789029535864978
HG00097_h1_chr22,chr22,censat,distal,8,2753647,3011226,257579,ACRO,0.9508928571428572,0.797153024911032
HG00097_h1_chr22,chr22,censat,proximal,5,4629290,4761715,132425,bSat,0.7794117647058824,0.9315068493150686
HG00097_h2_chr22,chr22,censat,distal,1,65875,318909,253034,ACRO,0.8491379310344828,0.9789029535864978
HG00097_h2_chr22,chr22,censat,distal,8,3295314,3354589,59275,ACRO,0.9508928571428572,0.797153024911032
HG00097_h2_chr22,chr22,censat,proximal,5,4963911,5033164,69253,bSat,0.7794117647058824,0.9315068493150686
HG00099_h2_chr22,chr22,censat,distal,1,77571,247564,169993,ACRO,0.8491379310344828,0.9789029535864978
HG00099_h2_chr22,chr22,censat,distal,8,2049703,2197799,148096,ACRO,0.9508928571428572,0.797153024911032
HG00099_h2_chr13,chr13,censat,proximal,13,3261419,3332351,70932,HSat3,0.49074074074074064,0.9557522123893807
HG00126_h1_chr21,chr21,censat,proximal,13,3304171,3375075,70904,SST1,0.838235294117647,0.9315068493150686
HG00126_h2_chr14,chr14,censat,distal,-1,2618131,2908165,290034,,,0.0
HG00126_h2_chr14,chr14,censat,distal,8,3009098,3070706,61608,ACRO,0.9508928571428572,0.797153024911032
HG00126_h2_chr21,chr21,censat,proximal,13,3239128,3315703,76575,SST1,0.838235294117647,0.9315068493150686
HG00128_h1_chr14,chr14,censat,distal,1,66453,677372,610919,ACRO,0.8491379310344828,0.9789029535864978
HG00128_h1_chr14,chr14,censat,distal,8,3853628,3908088,54460,ACRO,0.9508928571428572,0.797153024911032
HG00128_h1_chr15,chr15,censat,distal,1,7345,249962,242617,ACRO,0.8491379310344828,0.9789029535864978
HG00128_h1_chr15,chr15,censat,distal,6,2176001,2388663,212662,HSat3,0.9926778242677824,0.9947970863683663
HG00128_h1_chr15,chr15,censat,distal,8,2613312,2827188,213876,ACRO,0.9508928571428572,0.797153024911032
HG00128_h1_chr13,chr13,censat,proximal,13,3355012,3438632,83620,HSat3,0.49074074074074064,0.9557522123893807
HG00128_h2_chr15,chr15,censat,distal,1,6170,274175,268005,ACRO,0.8491379310344828,0.9789029535864978
HG00128_h2_chr14,chr14,censat,proximal,13,2733111,2803956,70845,HSat1B,0.6018518518518517,0.9557522123893807
HG00133_h2_chr22,chr22,censat,distal,1,70875,417451,346576,ACRO,0.8491379310344828,0.9789029535864978
HG00133_h2_chr22,chr22,censat,distal,8,2964929,3356041,391112,ACRO,0.9508928571428572,0.797153024911032
HG00133_h2_chr21,chr21,censat,proximal,13,3307220,3368267,61047,SST1,0.838235294117647,0.9315068493150686
HG00140_h1_chr14,chr14,censat,distal,1,74502,200942,126440,ACRO,0.8491379310344828,0.9789029535864978
HG00140_h1_chr14,chr14,censat,distal,8,2631172,2698983,67811,ACRO,0.9508928571428572,0.797153024911032
HG00140_h1_chr13,chr13,censat,proximal,13,3237634,3350877,113243,HSat3,0.49074074074074064,0.9557522123893807
HG00140_h1_chr21,chr21,censat,proximal,13,4118565,4186690,68125,SST1,0.838235294117647,0.9315068493150686
HG00140_h1_chr22,chr22,censat,proximal,5,1448452,1498788,50336,bSat,0.7794117647058824,0.9315068493150686
HG00140_h2_chr14,chr14,censat,distal,1,76605,230061,153456,ACRO,0.8491379310344828,0.9789029535864978
HG00140_h2_chr14,chr14,censat,distal,-1,3830228,4081526,251298,,,0.0
HG00140_h2_chr14,chr14,censat,distal,8,4182462,4244074,61612,ACRO,0.9508928571428572,0.797153024911032
HG00140_h2_chr14,chr14,censat,proximal,13,11146081,11197209,51128,HSat1B,0.6018518518518517,0.9557522123893807
HG00140_h2_chr22,chr22,censat,distal,1,78764,199030,120266,ACRO,0.8491379310344828,0.9789029535864978
HG00140_h2_chr22,chr22,censat,distal,-1,2217930,2285717,67787,,,0.0
HG00140_h2_chr22,chr22,censat,distal,8,2385991,2447599,61608,ACRO,0.9508928571428572,0.797153024911032
HG00140_h2_chr22,chr22,censat,proximal,5,4543940,4613201,69261,bSat,0.7794117647058824,0.9315068493150686
HG00140_h2_chr21,chr21,censat,proximal,13,3543630,3624426,80796,SST1,0.838235294117647,0.9315068493150686
HG00140_h2_chr13,chr13,censat,proximal,13,3968818,4122926,154108,HSat3,0.49074074074074064,0.9557522123893807
HG00146_h1_chr13,chr13,censat,proximal,13,3688223,3945818,257595,HSat3,0.49074074074074064,0.9557522123893807
HG00232_h1_chr13,chr13,censat,proximal,13,3710107,3772581,62474,HSat3,0.49074074074074064,0.9557522123893807
HG00232_h1_chr21,chr21,censat,distal,1,64964,395212,330248,ACRO,0.8491379310344828,0.9789029535864978
HG00232_h1_chr21,chr21,censat,distal,8,3388858,3448133,59275,ACRO,0.9508928571428572,0.797153024911032
HG00232_h1_chr21,chr21,censat,proximal,13,6996680,7074639,77959,SST1,0.838235294117647,0.9315068493150686
HG00232_h1_chr22,chr22,censat,proximal,-1,2938831,3053863,115032,,,0.0
HG00232_h2_chr15,chr15,censat,distal,1,69257,163107,93850,ACRO,0.8491379310344828,0.9789029535864978
HG00232_h2_chr15,chr15,censat,distal,8,2114123,2187686,73563,ACRO,0.9508928571428572,0.797153024911032
HG00232_h2_chr21,chr21,censat,proximal,13,3341328,3422125,80797,SST1,0.838235294117647,0.9315068493150686
HG00232_h2_chr13,chr13,censat,proximal,13,3852006,4146252,294246,HSat3,0.49074074074074064,0.9557522123893807
HG00235_h1_chr21,chr21,censat,distal,1,68177,415244,347067,ACRO,0.8491379310344828,0.9789029535864978
HG00235_h1_chr21,chr21,censat,distal,8,3445715,3712589,266874,ACRO,0.9508928571428572,0.797153024911032
HG00235_h1_chr14,chr14,censat,distal,1,69645,151264,81619,ACRO,0.8491379310344828,0.9789029535864978
HG00235_h1_chr14,chr14,censat,distal,-1,2173297,2234497,61200,,,0.0
HG00235_h1_chr14,chr14,censat,distal,-1,2334757,2396554,61797,,,0.0
HG00235_h1_chr14,chr14,censat,distal,8,2554535,2624611,70076,ACRO,0.9508928571428572,0.797153024911032
HG00235_h2_chr14,chr14,censat,distal,1,69645,151264,81619,ACRO,0.8491379310344828,0.9789029535864978
HG00235_h2_chr14,chr14,censat,distal,-1,2173297,2234497,61200,,,0.0
HG00235_h2_chr14,chr14,censat,distal,-1,2334757,2396554,61797,,,0.0
HG00235_h2_chr14,chr14,censat,distal,8,2554535,2624610,70075,ACRO,0.9508928571428572,0.797153024911032
HG00235_h2_chr21,chr21,censat,distal,1,69807,210114,140307,ACRO,0.8491379310344828,0.9789029535864978
HG00235_h2_chr21,chr21,censat,distal,8,2018529,2237480,218951,ACRO,0.9508928571428572,0.797153024911032
HG00235_h2_chr21,chr21,censat,proximal,13,5758575,5829477,70902,SST1,0.838235294117647,0.9315068493150686
HG00235_h2_chr22,chr22,censat,distal,1,75052,483656,408604,ACRO,0.8491379310344828,0.9789029535864978
HG00235_h2_chr22,chr22,censat,distal,8,2722512,3150967,428455,ACRO,0.9508928571428572,0.797153024911032
HG00235_h2_chr22,chr22,censat,proximal,-1,6565500,6740749,175249,,,0.0
HG00235_h2_chr13,chr13,censat,proximal,13,3272412,3364499,92087,HSat3,0.49074074074074064,0.9557522123893807
HG00253_h1_chr22,chr22,censat,distal,1,69525,261496,191971,ACRO,0.8491379310344828,0.9789029535864978
HG00253_h1_chr22,chr22,censat,distal,8,2477232,2694732,217500,ACRO,0.9508928571428572,0.797153024911032
HG00253_h1_chr13,chr13,censat,proximal,13,3802864,3858277,55413,HSat3,0.49074074074074064,0.9557522123893807
HG00253_h1_chr21,chr21,censat,distal,1,69314,186027,116713,ACRO,0.8491379310344828,0.9789029535864978
HG00253_h1_chr21,chr21,censat,distal,8,2098393,2310523,212130,ACRO,0.9508928571428572,0.797153024911032
HG00253_h1_chr21,chr21,censat,proximal,13,5780954,5856091,75137,SST1,0.838235294117647,0.9315068493150686
HG00253_h2_chr21,chr21,censat,proximal,13,3451167,3507983,56816,SST1,0.838235294117647,0.9315068493150686
HG00253_h2_chr13,chr13,censat,proximal,13,3419400,3699548,280148,HSat3,0.49074074074074064,0.9557522123893807
HG00272_h1_chr13,chr13,censat,distal,1,69473,203823,134350,ACRO,0.8491379310344828,0.9789029535864978
HG00272_h1_chr13,chr13,censat,distal,8,3015265,3142397,127132,ACRO,0.9508928571428572,0.797153024911032
HG00272_h1_chr13,chr13,censat,proximal,13,7237047,7319273,82226,HSat3,0.49074074074074064,0.9557522123893807
HG00272_h2_chr14,chr14,censat,proximal,19,4515494,4590511,75017,HSat3,0.988095238095238,0.9915682967959528
HG00280_h1_chr13,chr13,censat,proximal,13,4254495,4345149,90654,HSat3,0.49074074074074064,0.9557522123893807
HG00280_h1_chr14,chr14,censat,proximal,13,4908423,4983529,75106,HSat1B,0.6018518518518517,0.9557522123893807
HG00280_h2_chr13,chr13,censat,distal,1,75774,148630,72856,ACRO,0.8491379310344828,0.9789029535864978
HG00280_h2_chr13,chr13,censat,distal,-1,2393696,2454874,61178,,,0.0
HG00280_h2_chr13,chr13,censat,distal,8,2555126,2615634,60508,ACRO,0.9508928571428572,0.797153024911032
HG00280_h2_chr13,chr13,censat,proximal,13,6614763,6736507,121744,HSat3,0.49074074074074064,0.9557522123893807
HG00280_h2_chr21,chr21,censat,proximal,13,3491088,3547904,56816,SST1,0.838235294117647,0.9315068493150686
HG00290_h1_chr13,chr13,censat,proximal,13,3408761,3513688,104927,HSat3,0.49074074074074064,0.9557522123893807
HG00290_h1_chr21,chr21,censat,proximal,13,3653025,3888048,235023,SST1,0.838235294117647,0.9315068493150686
HG00290_h1_chr22,chr22,censat,proximal,5,1432901,1514806,81905,bSat,0.7794117647058824,0.9315068493150686
HG00290_h2_chr13,chr13,censat,proximal,13,4489501,4554852,65351,HSat3,0.49074074074074064,0.9557522123893807
HG00320_h1_chr21,chr21,censat,proximal,13,2804245,2952706,148461,SST1,0.838235294117647,0.9315068493150686
HG00320_h1_chr14,chr14,censat,distal,1,69480,610343,540863,ACRO,0.8491379310344828,0.9789029535864978
HG00320_h1_chr14,chr14,censat,distal,8,2679244,2743340,64096,ACRO,0.9508928571428572,0.797153024911032
HG00320_h2_chr15,chr15,censat,distal,1,70749,177941,107192,ACRO,0.8491379310344828,0.9789029535864978
HG00320_h2_chr15,chr15,censat,distal,8,2821856,3056539,234683,ACRO,0.9508928571428572,0.797153024911032
HG00321_h1_chr15,chr15,censat,distal,1,65340,188578,123238,ACRO,0.8491379310344828,0.9789029535864978
HG00321_h1_chr15,chr15,censat,distal,8,4309591,4517645,208054,ACRO,0.9508928571428572,0.797153024911032
HG00321_h1_chr13,chr13,censat,proximal,13,3509616,3589012,79396,HSat3,0.49074074074074064,0.9557522123893807
HG00321_h2_chr13,chr13,censat,distal,1,68262,161779,93517,ACRO,0.8491379310344828,0.9789029535864978
HG00321_h2_chr13,chr13,censat,proximal,13,7434983,7723590,288607,HSat3,0.49074074074074064,0.9557522123893807
HG00321_h2_chr21,chr21,censat,proximal,13,3507132,3572424,65292,SST1,0.838235294117647,0.9315068493150686
HG00321_h2_chr22,chr22,censat,proximal,5,1605571,1662223,56652,bSat,0.7794117647058824,0.9315068493150686
HG00323_h2_chr22,chr22,censat,distal,1,70814,148654,77840,ACRO,0.8491379310344828,0.9789029535864978
HG00329_h1_chr14,chr14,censat,distal,8,3581466,3839552,258086,ACRO,0.9508928571428572,0.797153024911032
HG00329_h1_chr22,chr22,censat,distal,8,2715196,2965508,250312,ACRO,0.9508928571428572,0.797153024911032
HG00329_h1_chr13,chr13,censat,proximal,13,4297988,4405687,107699,HSat3,0.49074074074074064,0.9557522123893807
HG00329_h2_chr13,chr13,censat,distal,1,67726,224232,156506,ACRO,0.8491379310344828,0.9789029535864978
HG00329_h2_chr13,chr13,censat,distal,-1,2795742,3203922,408180,,,0.0
HG00329_h2_chr13,chr13,censat,distal,8,3304858,3366470,61612,ACRO,0.9508928571428572,0.797153024911032
HG00329_h2_chr13,chr13,censat,proximal,13,7221676,7327857,106181,HSat3,0.49074074074074064,0.9557522123893807
HG00329_h2_chr14,chr14,censat,distal,1,70546,170451,99905,ACRO,0.8491379310344828,0.9789029535864978
HG00329_h2_chr14,chr14,censat,distal,8,2231077,2520750,289673,ACRO,0.9508928571428572,0.797153024911032
HG00329_h2_chr14,chr14,censat,proximal,5,4050321,4274249,223928,bSat,0.9296875,0.987146529562982
HG00329_h2_chr21,chr21,censat,proximal,13,3304327,3378064,73737,SST1,0.838235294117647,0.9315068493150686
HG00344_h1_chr21,chr21,censat,proximal,13,3319902,3396442,76540,SST1,0.838235294117647,0.9315068493150686
HG00344_h1_chr13,chr13,censat,proximal,13,3000917,3100165,99248,HSat3,0.49074074074074064,0.9557522123893807
HG00344_h2_chr22,chr22,censat,proximal,5,1871237,1965770,94533,bSat,0.7794117647058824,0.9315068493150686
HG00344_h2_chr14,chr14,censat,proximal,13,3394385,3445513,51128,HSat1B,0.6018518518518517,0.9557522123893807
HG00344_h2_chr14,chr14,censat,proximal,-1,5525949,5592879,66930,,,0.0
HG00344_h2_chr21,chr21,censat,proximal,13,3374792,3440087,65295,SST1,0.838235294117647,0.9315068493150686
HG00350_h2_chr14,chr14,censat,proximal,13,3232398,3283526,51128,HSat1B,0.6018518518518517,0.9557522123893807
HG01167_h1_chr13,chr13,censat,distal,-1,3647037,3708835,61798,,,0.0
HG01167_h1_chr13,chr13,censat,distal,8,3866812,3936744,69932,ACRO,0.9508928571428572,0.797153024911032
HG01167_h1_chr14,chr14,censat,distal,1,65327,186431,121104,ACRO,0.8491379310344828,0.9789029535864978
HG01167_h1_chr14,chr14,censat,distal,8,1953416,2053932,100516,ACRO,0.9508928571428572,0.797153024911032
HG01167_h1_chr21,chr21,censat,proximal,-1,1679644,1744874,65230,,,0.0
HG01167_h1_chr21,chr21,censat,proximal,13,4238768,4295583,56815,SST1,0.838235294117647,0.9315068493150686
HG01167_h2_chr22,chr22,censat,proximal,5,1943436,2012697,69261,bSat,0.7794117647058824,0.9315068493150686
HG01167_h2_chr13,chr13,censat,proximal,13,4587534,4671175,83641,HSat3,0.49074074074074064,0.9557522123893807
HG01530_h1_chr21,chr21,censat,proximal,13,3597713,3664429,66716,SST1,0.838235294117647,0.9315068493150686
HG01530_h2_chr22,chr22,censat,distal,1,5486,260617,255131,ACRO,0.8491379310344828,0.9789029535864978
HG01530_h2_chr22,chr22,censat,distal,8,2453157,2571339,118182,ACRO,0.9508928571428572,0.797153024911032
HG01530_h2_chr22,chr22,censat,proximal,5,4479315,4548568,69253,bSat,0.7794117647058824,0.9315068493150686
HG01530_h2_chr21,chr21,censat,proximal,13,3356378,3418850,62472,SST1,0.838235294117647,0.9315068493150686
HG01784_h1_chr15,chr15,censat,distal,-1,4482371,4654830,172459,,,0.0
HG01784_h1_chr15,chr15,censat,distal,8,4755770,4817379,61609,ACRO,0.9508928571428572,0.797153024911032
HG01784_h1_chr22,chr22,censat,distal,1,80709,605454,524745,ACRO,0.8491379310344828,0.9789029535864978
HG01784_h1_chr22,chr22,censat,distal,8,3143201,3480317,337116,ACRO,0.9508928571428572,0.797153024911032
HG01784_h1_chr13,chr13,censat,proximal,13,3102394,3342625,240231,HSat3,0.49074074074074064,0.9557522123893807
HG01784_h1_chr21,chr21,censat,proximal,13,3317031,3383709,66678,SST1,0.838235294117647,0.9315068493150686
HG01784_h2_chr22,chr22,censat,distal,1,70801,151419,80618,ACRO,0.8491379310344828,0.9789029535864978
HG01784_h2_chr22,chr22,censat,distal,-1,2314051,2375802,61751,,,0.0
HG01784_h2_chr22,chr22,censat,distal,8,2533785,2603861,70076,ACRO,0.9508928571428572,0.797153024911032
HG01784_h2_chr13,chr13,censat,proximal,13,4353882,4505170,151288,HSat3,0.49074074074074064,0.9557522123893807
HG02040_h1_chr22,chr22,censat,distal,8,2524628,2598365,73737,ACRO,0.9508928571428572,0.797153024911032
HG02040_h1_chr21,chr21,censat,proximal,13,3779187,3837411,58224,SST1,0.838235294117647,0.9315068493150686
HG02040_h1_chr14,chr14,censat,proximal,13,2737865,2810144,72279,HSat1B,0.6018518518518517,0.9557522123893807
HG02040_h2_chr14,chr14,censat,distal,-1,69645,196134,126489,,,0.0
HG02040_h2_chr14,chr14,censat,distal,1,1177892,1365957,188065,ACRO,0.8491379310344828,0.9789029535864978
HG02040_h2_chr14,chr14,censat,distal,-1,3986271,4099326,113055,,,0.0
HG02040_h2_chr14,chr14,censat,distal,8,4200265,4261877,61612,ACRO,0.9508928571428572,0.797153024911032
HG02040_h2_chr13,chr13,censat,proximal,13,3163326,3228619,65293,HSat3,0.49074074074074064,0.9557522123893807
HG02040_h2_chr21,chr21,censat,proximal,13,4659740,4737693,77953,SST1,0.838235294117647,0.9315068493150686
HG02155_h1_chr15,chr15,censat,distal,1,75637,357141,281504,ACRO,0.8491379310344828,0.9789029535864978
HG02155_h1_chr15,chr15,censat,distal,8,2390036,2488440,98404,ACRO,0.9508928571428572,0.797153024911032
HG02155_h1_chr21,chr21,censat,proximal,13,3096663,3214081,117418,SST1,0.838235294117647,0.9315068493150686
HG02155_h1_chr14,chr14,censat,proximal,17,4544211,4610860,66649,HSat3,0.9886363636363635,0.9919484702093398
HG02155_h1_chr22,chr22,censat,distal,6,526577,613809,87232,HSat3,0.9926778242677824,0.9947970863683663
HG02155_h1_chr22,chr22,censat,distal,8,714747,776359,61612,ACRO,0.9508928571428572,0.797153024911032
HG02155_h2_chr14,chr14,censat,distal,1,73655,212612,138957,ACRO,0.8491379310344828,0.9789029535864978
HG02155_h2_chr14,chr14,censat,distal,8,2263144,2322322,59178,ACRO,0.9508928571428572,0.797153024911032
HG02165_h1_chr15,chr15,censat,distal,1,83143,249179,166036,ACRO,0.8491379310344828,0.9789029535864978
HG02165_h1_chr15,chr15,censat,distal,8,2140810,2441706,300896,ACRO,0.9508928571428572,0.797153024911032
HG02165_h1_chr22,chr22,censat,distal,1,83646,411810,328164,ACRO,0.8491379310344828,0.9789029535864978
HG02165_h1_chr22,chr22,censat,distal,8,3010281,3084018,73737,ACRO,0.9508928571428572,0.797153024911032
HG02165_h1_chr22,chr22,censat,proximal,5,4879569,5112996,233427,bSat,0.7794117647058824,0.9315068493150686
HG02165_h1_chr21,chr21,censat,proximal,13,3348185,3427562,79377,SST1,0.838235294117647,0.9315068493150686
HG02165_h2_chr14,chr14,censat,distal,1,64430,203481,139051,ACRO,0.8491379310344828,0.9789029535864978
HG02165_h2_chr14,chr14,censat,distal,8,1899632,2249489,349857,ACRO,0.9508928571428572,0.797153024911032
HG02165_h2_chr21,chr21,censat,proximal,13,3271533,3357945,86412,SST1,0.838235294117647,0.9315068493150686
HG02178_h1_chr13,chr13,censat,distal,8,1340351,1603817,263466,ACRO,0.9508928571428572,0.797153024911032
HG02178_h1_chr13,chr13,censat,proximal,13,5532976,5612370,79394,HSat3,0.49074074074074064,0.9557522123893807
HG02178_h1_chr22,chr22,censat,proximal,5,1553027,1729630,176603,bSat,0.7794117647058824,0.9315068493150686
HG02178_h1_chr22,chr22,censat,proximal,-1,3633393,3767766,134373,,,0.0
HG02178_h2_chr13,chr13,censat,distal,8,1894911,2002569,107658,ACRO,0.9508928571428572,0.797153024911032
HG02178_h2_chr13,chr13,censat,proximal,13,5794267,5875070,80803,HSat3,0.49074074074074064,0.9557522123893807
HG02178_h2_chr22,chr22,censat,proximal,5,1490643,1610420,119777,bSat,0.7794117647058824,0.9315068493150686
HG02273_h1_chr22,chr22,censat,proximal,5,1696528,1872974,176446,bSat,0.7794117647058824,0.9315068493150686
HG02273_h2_chr22,chr22,censat,proximal,5,2003920,2060561,56641,bSat,0.7794117647058824,0.9315068493150686
HG02273_h2_chr14,chr14,censat,proximal,13,5124202,5242891,118689,HSat1B,0.6018518518518517,0.9557522123893807
HG02391_h1_chr22,chr22,censat,proximal,5,5015371,5072020,56649,bSat,0.7794117647058824,0.9315068493150686
HG02391_h1_chr13,chr13,censat,proximal,13,3264348,3323990,59642,HSat3,0.49074074074074064,0.9557522123893807
HG02391_h1_chr14,chr14,censat,proximal,13,4527693,4590117,62424,HSat1B,0.6018518518518517,0.9557522123893807
HG02391_h1_chr21,chr21,censat,proximal,13,3547785,3622917,75132,SST1,0.838235294117647,0.9315068493150686
HG02391_h2_chr13,chr13,censat,proximal,13,4001792,4113685,111893,HSat3,0.49074074074074064,0.9557522123893807
HG02391_h2_chr21,chr21,censat,proximal,13,3734315,3808077,73762,SST1,0.838235294117647,0.9315068493150686
HG02392_h1_chr14,chr14,censat,distal,1,65065,179473,114408,ACRO,0.8491379310344828,0.9789029535864978
HG02392_h1_chr14,chr14,censat,distal,8,2560464,2854134,293670,ACRO,0.9508928571428572,0.797153024911032
HG02392_h1_chr14,chr14,censat,proximal,13,6553329,6629797,76468,HSat1B,0.6018518518518517,0.9557522123893807
HG02392_h1_chr22,chr22,censat,distal,1,71829,354243,282414,ACRO,0.8491379310344828,0.9789029535864978
HG02392_h1_chr22,chr22,censat,distal,8,2441404,2641112,199708,ACRO,0.9508928571428572,0.797153024911032
HG02392_h1_chr22,chr22,censat,proximal,5,4701527,4777110,75583,bSat,0.7794117647058824,0.9315068493150686
HG02392_h1_chr13,chr13,censat,proximal,13,3155476,3230644,75168,HSat3,0.49074074074074064,0.9557522123893807
HG02392_h2_chr14,chr14,censat,distal,1,65485,212341,146856,ACRO,0.8491379310344828,0.9789029535864978
HG02392_h2_chr14,chr14,censat,distal,8,1916470,2201070,284600,ACRO,0.9508928571428572,0.797153024911032
HG02392_h2_chr14,chr14,censat,proximal,13,5612347,5683231,70884,HSat1B,0.6018518518518517,0.9557522123893807
HG02392_h2_chr22,chr22,censat,distal,1,77114,175249,98135,ACRO,0.8491379310344828,0.9789029535864978
HG02392_h2_chr22,chr22,censat,distal,8,2979558,3087724,108166,ACRO,0.9508928571428572,0.797153024911032
HG02392_h2_chr22,chr22,censat,proximal,5,4672339,4754259,81920,bSat,0.7794117647058824,0.9315068493150686
HG02583_h1_chr15,chr15,censat,distal,1,72570,267609,195039,ACRO,0.8491379310344828,0.9789029535864978
HG02583_h1_chr22,chr22,censat,distal,1,65469,538046,472577,ACRO,0.8491379310344828,0.9789029535864978
HG02583_h1_chr22,chr22,censat,distal,8,2596024,2651137,55113,ACRO,0.9508928571428572,0.797153024911032
HG02583_h1_chr21,chr21,censat,proximal,13,3579588,3632064,52476,SST1,0.838235294117647,0.9315068493150686
HG02583_h2_chr22,chr22,censat,distal,1,64898,449471,384573,ACRO,0.8491379310344828,0.9789029535864978
HG02583_h2_chr22,chr22,censat,distal,8,3218165,3447000,228835,ACRO,0.9508928571428572,0.797153024911032
HG02583_h2_chr14,chr14,censat,proximal,6,1969569,2032674,63105,,,0.017057569296375266
HG02583_h2_chr14,chr14,censat,proximal,13,4686343,4785445,99102,HSat1B,0.6018518518518517,0.9557522123893807
HG02583_h2_chr14,chr14,censat,proximal,-1,6966088,7207723,241635,,,0.0
HG02922_h1_chr15,chr15,censat,distal,1,77519,222629,145110,ACRO,0.8491379310344828,0.9789029535864978
HG02922_h1_chr15,chr15,censat,distal,8,2021393,2280418,259025,ACRO,0.9508928571428572,0.797153024911032
HG02922_h1_chr13,chr13,censat,proximal,13,3288556,3348293,59737,HSat3,0.49074074074074064,0.9557522123893807
HG02922_h1_chr22,chr22,censat,distal,1,52117,159602,107485,ACRO,0.8491379310344828,0.9789029535864978
HG02922_h1_chr22,chr22,censat,distal,-1,1358225,1458219,99994,,,0.0
HG02922_h1_chr22,chr22,censat,distal,8,1558521,1620036,61515,ACRO,0.9508928571428572,0.797153024911032
HG02922_h2_chr13,chr13,censat,proximal,13,3288590,3348331,59741,HSat3,0.49074074074074064,0.9557522123893807
HG02922_h2_chr21,chr21,censat,proximal,13,4440253,4506949,66696,SST1,0.838235294117647,0.9315068493150686
HG02922_h2_chr22,chr22,censat,proximal,-1,1629609,1736818,107209,,,0.0
HG02922_h2_chr14,chr14,censat,proximal,13,4046621,4124469,77848,HSat1B,0.6018518518518517,0.9557522123893807
HG02965_h1_chr14,chr14,censat,distal,1,65426,204145,138719,ACRO,0.8491379310344828,0.9789029535864978
HG02965_h1_chr14,chr14,censat,distal,8,2700170,2763388,63218,ACRO,0.9508928571428572,0.797153024911032
HG02965_h1_chr14,chr14,censat,proximal,13,8099806,8206065,106259,HSat1B,0.6018518518518517,0.9557522123893807
HG02965_h1_chr13,chr13,censat,proximal,13,3352546,3407875,55329,HSat3,0.49074074074074064,0.9557522123893807
HG02965_h1_chr21,chr21,censat,proximal,13,3537797,3639713,101916,SST1,0.838235294117647,0.9315068493150686
HG02965_h2_chr13,chr13,censat,distal,8,3405754,3596396,190642,ACRO,0.9508928571428572,0.797153024911032
HG02965_h2_chr15,chr15,censat,distal,1,74276,159831,85555,ACRO,0.8491379310344828,0.9789029535864978
HG02965_h2_chr15,chr15,censat,distal,8,1802841,2037344,234503,ACRO,0.9508928571428572,0.797153024911032
HG02965_h2_chr22,chr22,censat,distal,1,83009,322653,239644,ACRO,0.8491379310344828,0.9789029535864978
HG02965_h2_chr22,chr22,censat,distal,-1,2623949,2806102,182153,,,0.0
HG02965_h2_chr22,chr22,censat,distal,8,3036947,3095275,58328,ACRO,0.9508928571428572,0.797153024911032
HG02965_h2_chr14,chr14,censat,proximal,13,2791992,2861457,69465,HSat1B,0.6018518518518517,0.9557522123893807
HG02976_h1_chr13,chr13,censat,proximal,13,3469026,3545639,76613,HSat3,0.49074074074074064,0.9557522123893807
HG02976_h1_chr22,chr22,censat,distal,8,1390549,1676093,285544,ACRO,0.9508928571428572,0.797153024911032
HG02976_h1_chr21,chr21,censat,proximal,11,3881273,3974740,93467,HSat3,0.9868421052631579,0.9906890130353818
HG02976_h2_chr13,chr13,censat,proximal,13,3778070,3863150,85080,HSat3,0.49074074074074064,0.9557522123893807
HG02976_h2_chr14,chr14,censat,proximal,13,4545620,4622105,76485,HSat1B,0.6018518518518517,0.9557522123893807
HG03130_h1_chr13,chr13,censat,distal,1,7587,165747,158160,ACRO,0.8491379310344828,0.9789029535864978
HG03130_h1_chr13,chr13,censat,distal,8,2786277,2970984,184707,ACRO,0.9508928571428572,0.797153024911032
HG03130_h1_chr22,chr22,censat,distal,1,70769,209418,138649,ACRO,0.8491379310344828,0.9789029535864978
HG03130_h1_chr22,chr22,censat,distal,8,3620265,3799198,178933,ACRO,0.9508928571428572,0.797153024911032
HG03130_h1_chr22,chr22,censat,proximal,12,10908011,10978991,70980,bSat,0.9874999999999999,0.9911504424778761
HG03130_h1_chr21,chr21,censat,proximal,13,5236094,5304166,68072,SST1,0.838235294117647,0.9315068493150686
HG03130_h2_chr14,chr14,censat,distal,1,69097,340645,271548,ACRO,0.8491379310344828,0.9789029535864978
HG03130_h2_chr14,chr14,censat,distal,-1,4759095,5027678,268583,,,0.0
HG03130_h2_chr14,chr14,censat,distal,8,5127984,5188199,60215,ACRO,0.9508928571428572,0.797153024911032
HG03130_h2_chr14,chr14,censat,proximal,9,8761589,8813525,51936,HSat3,0.8281249999999999,0.9846153846153847
HG03130_h2_chr14,chr14,censat,proximal,13,10201865,10292599,90734,HSat1B,0.6018518518518517,0.9557522123893807
HG03130_h2_chr22,chr22,censat,proximal,5,3278441,3330806,52365,bSat,0.7794117647058824,0.9315068493150686
HG03130_h2_chr21,chr21,censat,proximal,13,3269562,3329208,59646,SST1,0.838235294117647,0.9315068493150686
HG03139_h1_chr13,chr13,censat,distal,1,19351,241696,222345,ACRO,0.8491379310344828,0.9789029535864978
HG03139_h1_chr13,chr13,censat,distal,8,2103252,2792642,689390,ACRO,0.9508928571428572,0.797153024911032
HG03139_h1_chr21,chr21,censat,distal,1,24909,85516,60607,ACRO,0.8491379310344828,0.9789029535864978
HG03139_h1_chr21,chr21,censat,distal,8,1747645,2091474,343829,ACRO,0.9508928571428572,0.797153024911032
HG03139_h1_chr21,chr21,censat,proximal,13,7987970,8056034,68064,SST1,0.838235294117647,0.9315068493150686
HG03139_h1_chr22,chr22,censat,distal,1,64485,224382,159897,ACRO,0.8491379310344828,0.9789029535864978
HG03139_h1_chr22,chr22,censat,distal,8,4394278,4468015,73737,ACRO,0.9508928571428572,0.797153024911032
HG03139_h1_chr14,chr14,censat,proximal,5,1681350,1731832,50482,bSat,0.9296875,0.987146529562982
HG03139_h1_chr14,chr14,censat,proximal,13,4424683,4502534,77851,HSat1B,0.6018518518518517,0.9557522123893807
HG03139_h2_chr13,chr13,censat,distal,1,74880,471691,396811,ACRO,0.8491379310344828,0.9789029535864978
HG03139_h2_chr13,chr13,censat,distal,8,2846582,3258902,412320,ACRO,0.9508928571428572,0.797153024911032
HG03139_h2_chr13,chr13,censat,proximal,13,6674447,6759498,85051,HSat3,0.49074074074074064,0.9557522123893807
HG03139_h2_chr14,chr14,censat,distal,1,81094,209957,128863,ACRO,0.8491379310344828,0.9789029535864978
HG03139_h2_chr14,chr14,censat,distal,8,3397505,3679370,281865,ACRO,0.9508928571428572,0.797153024911032
HG03139_h2_chr14,chr14,censat,proximal,13,9039488,9155631,116143,HSat1B,0.6018518518518517,0.9557522123893807
HG03139_h2_chr21,chr21,censat,proximal,13,5570048,5633933,63885,SST1,0.838235294117647,0.9315068493150686
HG03139_h2_chr22,chr22,censat,proximal,5,1754372,1804728,50356,bSat,0.7794117647058824,0.9315068493150686
HG03195_h1_chr22,chr22,censat,distal,1,76113,573388,497275,ACRO,0.8491379310344828,0.9789029535864978
HG03195_h1_chr22,chr22,censat,distal,8,2830558,2981585,151027,ACRO,0.9508928571428572,0.797153024911032
HG03195_h1_chr13,chr13,censat,proximal,13,3869042,3958285,89243,HSat3,0.49074074074074064,0.9557522123893807
HG03195_h2_chr22,chr22,censat,distal,1,76674,391136,314462,ACRO,0.8491379310344828,0.9789029535864978
HG03195_h2_chr22,chr22,censat,distal,8,3268545,3444266,175721,ACRO,0.9508928571428572,0.797153024911032
HG03195_h2_chr13,chr13,censat,proximal,13,3391701,3503743,112042,HSat3,0.49074074074074064,0.9557522123893807
HG03195_h2_chr14,chr14,censat,proximal,13,4556434,4620246,63812,HSat1B,0.6018518518518517,0.9557522123893807
HG03209_h1_chr15,chr15,censat,distal,1,73917,282339,208422,ACRO,0.8491379310344828,0.9789029535864978
HG03209_h1_chr15,chr15,censat,distal,-1,2482668,2768860,286192,,,0.0
HG03209_h1_chr15,chr15,censat,distal,8,3046163,3099057,52894,ACRO,0.9508928571428572,0.797153024911032
HG03209_h1_chr21,chr21,censat,distal,-1,71154,198399,127245,,,0.0
HG03209_h1_chr21,chr21,censat,distal,8,5935838,6002621,66783,ACRO,0.9508928571428572,0.797153024911032
HG03209_h1_chr21,chr21,censat,proximal,13,11741568,11818097,76529,SST1,0.838235294117647,0.9315068493150686
HG03209_h1_chr13,chr13,censat,proximal,13,4146034,4198628,52594,HSat3,0.49074074074074064,0.9557522123893807
HG03225_h1_chr14,chr14,censat,proximal,11,2372072,2430250,58178,HSat3,0.9839449541284403,0.9886621315192744
HG03225_h2_chr13,chr13,censat,proximal,13,6233228,6368978,135750,HSat3,0.49074074074074064,0.9557522123893807
HG03225_h2_chr21,chr21,censat,proximal,13,3243477,3296079,52602,SST1,0.838235294117647,0.9315068493150686
HG03225_h2_chr22,chr22,censat,proximal,-1,1350806,1426393,75587,,,0.0
HG03270_h1_chr22,chr22,censat,proximal,5,1799410,1906574,107164,bSat,0.7794117647058824,0.9315068493150686
HG03270_h1_chr21,chr21,censat,proximal,13,3680266,3756789,76523,SST1,0.838235294117647,0.9315068493150686
HG03369_h1_chr21,chr21,censat,proximal,13,5461937,5525822,63885,SST1,0.838235294117647,0.9315068493150686
HG03369_h1_chr14,chr14,censat,proximal,6,1951441,2235412,283971,,,0.017057569296375266
HG03369_h1_chr14,chr14,censat,proximal,13,4928606,5022188,93582,HSat1B,0.6018518518518517,0.9557522123893807
HG03369_h1_chr13,chr13,censat,proximal,13,3351149,3414926,63777,HSat3,0.49074074074074064,0.9557522123893807
HG03369_h2_chr21,chr21,censat,proximal,13,3571527,3711539,140012,SST1,0.838235294117647,0.9315068493150686
HG03470_h1_chr22,chr22,censat,distal,1,73505,326434,252929,ACRO,0.8491379310344828,0.9789029535864978
HG03470_h1_chr22,chr22,censat,distal,8,4396395,4511997,115602,ACRO,0.9508928571428572,0.797153024911032
HG03470_h1_chr14,chr14,censat,proximal,13,4430181,4492602,62421,HSat1B,0.6018518518518517,0.9557522123893807
HG03470_h1_chr21,chr21,censat,proximal,13,4042671,4105143,62472,SST1,0.838235294117647,0.9315068493150686
HG03470_h2_chr22,chr22,censat,distal,1,76805,156280,79475,ACRO,0.8491379310344828,0.9789029535864978
HG03470_h2_chr22,chr22,censat,distal,-1,2241294,2494026,252732,,,0.0
HG03470_h2_chr22,chr22,censat,distal,-1,2594967,2664978,70011,,,0.0
HG03470_h2_chr22,chr22,censat,distal,8,2801648,2854541,52893,ACRO,0.9508928571428572,0.797153024911032
HG03470_h2_chr14,chr14,censat,proximal,13,4574939,4671353,96414,HSat1B,0.6018518518518517,0.9557522123893807
HG03471_h1_chr22,chr22,censat,proximal,5,1902734,1971966,69232,bSat,0.7794117647058824,0.9315068493150686
HG03471_h2_chr22,chr22,censat,proximal,5,1874620,1924964,50344,bSat,0.7794117647058824,0.9315068493150686
HG03521_h1_chr13,chr13,censat,proximal,13,3850799,3918781,67982,HSat3,0.49074074074074064,0.9557522123893807
HG03521_h1_chr22,chr22,censat,proximal,5,1274617,1337566,62949,bSat,0.7794117647058824,0.9315068493150686
HG03521_h1_chr21,chr21,censat,proximal,13,3681311,3745196,63885,SST1,0.838235294117647,0.9315068493150686
HG03521_h2_chr21,chr21,censat,distal,1,67177,124167,56990,ACRO,0.8491379310344828,0.9789029535864978
HG03521_h2_chr21,chr21,censat,distal,8,3729028,3792195,63167,ACRO,0.9508928571428572,0.797153024911032
HG03521_h2_chr13,chr13,censat,proximal,13,2946376,2997454,51078,HSat3,0.49074074074074064,0.9557522123893807
HG03583_h1_chr22,chr22,censat,distal,1,73101,161236,88135,ACRO,0.8491379310344828,0.9789029535864978
HG03583_h1_chr22,chr22,censat,distal,8,1838254,2101375,263121,ACRO,0.9508928571428572,0.797153024911032
HG03583_h1_chr22,chr22,censat,proximal,5,4032477,4089116,56639,bSat,0.7794117647058824,0.9315068493150686
HG03583_h1_chr13,chr13,censat,proximal,13,3827906,3884758,56852,HSat3,0.49074074074074064,0.9557522123893807
HG03583_h2_chr21,chr21,censat,proximal,13,3650505,3701697,51192,SST1,0.838235294117647,0.9315068493150686
HG03583_h2_chr13,chr13,censat,proximal,7,2081718,2522799,441081,HSat1B,0.9656862745098038,0.9760765550239235
HG03583_h2_chr13,chr13,censat,proximal,13,4428203,4510434,82231,HSat3,0.49074074074074064,0.9557522123893807
HG03583_h2_chr22,chr22,censat,proximal,5,1357298,1527588,170290,bSat,0.7794117647058824,0.9315068493150686
HG03742_h1_chr14,chr14,censat,distal,1,67528,290429,222901,ACRO,0.8491379310344828,0.9789029535864978
HG03742_h1_chr14,chr14,censat,distal,8,4929862,4991474,61612,ACRO,0.9508928571428572,0.797153024911032
HG03742_h1_chr14,chr14,censat,proximal,11,9365229,9431868,66639,HSat3,0.9839449541284403,0.9886621315192744
HG03742_h1_chr22,chr22,censat,distal,1,78309,178748,100439,ACRO,0.8491379310344828,0.9789029535864978
HG03742_h2_chr13,chr13,censat,distal,1,70536,159363,88827,ACRO,0.8491379310344828,0.9789029535864978
HG03742_h2_chr13,chr13,censat,distal,8,5282506,5347117,64611,ACRO,0.9508928571428572,0.797153024911032
HG03742_h2_chr13,chr13,censat,proximal,13,9021988,9114063,92075,HSat3,0.49074074074074064,0.9557522123893807
HG03742_h2_chr14,chr14,censat,proximal,13,4561058,4622037,60979,HSat1B,0.6018518518518517,0.9557522123893807
HG03742_h2_chr15,chr15,censat,distal,-1,2753787,2900112,146325,,,0.0
HG03742_h2_chr15,chr15,censat,distal,8,3001043,3062651,61608,ACRO,0.9508928571428572,0.797153024911032
HG03742_h2_chr21,chr21,censat,proximal,13,4369878,4422468,52590,SST1,0.838235294117647,0.9315068493150686
HG03784_h1_chr21,chr21,censat,proximal,13,3029167,3104351,75184,SST1,0.838235294117647,0.9315068493150686
HG03784_h2_chr21,chr21,censat,proximal,13,2818296,2901916,83620,SST1,0.838235294117647,0.9315068493150686
HG03784_h2_chr22,chr22,censat,proximal,5,1719657,1782602,62945,bSat,0.7794117647058824,0.9315068493150686
HG03874_h1_chr21,chr21,censat,distal,1,64740,163685,98945,ACRO,0.8491379310344828,0.9789029535864978
HG03874_h1_chr21,chr21,censat,distal,8,1890858,1951018,60160,ACRO,0.9508928571428572,0.797153024911032
HG03874_h1_chr21,chr21,censat,proximal,13,6253288,6305909,52621,SST1,0.838235294117647,0.9315068493150686
HG03874_h1_chr22,chr22,censat,distal,1,62822,195110,132288,ACRO,0.8491379310344828,0.9789029535864978
HG03874_h1_chr22,chr22,censat,distal,8,1778490,2003091,224601,ACRO,0.9508928571428572,0.797153024911032
HG03874_h1_chr22,chr22,censat,proximal,5,3680561,3768780,88219,bSat,0.7794117647058824,0.9315068493150686
HG03874_h1_chr13,chr13,censat,proximal,13,3753286,3839734,86448,HSat3,0.49074074074074064,0.9557522123893807
HG03874_h2_chr13,chr13,censat,distal,1,62836,155495,92659,ACRO,0.8491379310344828,0.9789029535864978
HG03874_h2_chr13,chr13,censat,distal,8,1808165,2053759,245594,ACRO,0.9508928571428572,0.797153024911032
HG03874_h2_chr13,chr13,censat,proximal,13,6473102,6558146,85044,HSat3,0.49074074074074064,0.9557522123893807
HG03874_h2_chr22,chr22,censat,distal,6,1054593,1120474,65881,HSat3,0.9926778242677824,0.9947970863683663
HG03874_h2_chr22,chr22,censat,distal,8,1224590,1286058,61468,ACRO,0.9508928571428572,0.797153024911032
HG03874_h2_chr14,chr14,censat,proximal,13,2867297,2928267,60970,HSat1B,0.6018518518518517,0.9557522123893807
HG03874_h2_chr21,chr21,censat,proximal,13,4022143,4076154,54011,SST1,0.838235294117647,0.9315068493150686
NA18505_h1_chr15,chr15,censat,distal,1,71471,231742,160271,ACRO,0.8491379310344828,0.9789029535864978
NA18505_h1_chr15,chr15,censat,distal,8,3419859,3735151,315292,ACRO,0.9508928571428572,0.797153024911032
NA18505_h1_chr21,chr21,censat,proximal,13,3939986,4029293,89307,SST1,0.838235294117647,0.9315068493150686
NA18505_h1_chr22,chr22,censat,proximal,5,1433530,1635377,201847,bSat,0.7794117647058824,0.9315068493150686
NA18505_h2_chr14,chr14,censat,proximal,13,5036199,5158003,121804,HSat1B,0.6018518518518517,0.9557522123893807
NA18505_h2_chr21,chr21,censat,proximal,13,3505535,3589190,83655,SST1,0.838235294117647,0.9315068493150686
NA18508_h1_chr13,chr13,censat,distal,1,78224,225101,146877,ACRO,0.8491379310344828,0.9789029535864978
NA18508_h1_chr13,chr13,censat,distal,8,2617546,2782831,165285,ACRO,0.9508928571428572,0.797153024911032
NA18522_h1_chr13,chr13,censat,proximal,13,3571911,3624394,52483,HSat3,0.49074074074074064,0.9557522123893807
NA18522_h1_chr15,chr15,censat,proximal,-1,1796854,8631739,6834885,,,0.0
NA18522_h1_chr22,chr22,censat,proximal,-1,1728860,1779208,50348,,,0.0
NA18522_h2_chr13,chr13,censat,distal,1,73695,275572,201877,ACRO,0.8491379310344828,0.9789029535864978
NA18522_h2_chr13,chr13,censat,distal,-1,6098723,6333500,234777,,,0.0
NA18522_h2_chr13,chr13,censat,distal,-1,6433788,6494067,60279,,,0.0
NA18522_h2_chr13,chr13,censat,distal,8,6630732,6683334,52602,ACRO,0.9508928571428572,0.797153024911032
NA18522_h2_chr13,chr13,censat,proximal,13,10590964,10657722,66758,HSat3,0.49074074074074064,0.9557522123893807
NA18522_h2_chr21,chr21,censat,proximal,13,3453640,3538700,85060,SST1,0.838235294117647,0.9315068493150686
NA18565_h1_chr13,chr13,censat,proximal,13,3858418,3919487,61069,HSat3,0.49074074074074064,0.9557522123893807
NA18565_h1_chr14,chr14,censat,proximal,13,4443643,4521555,77912,HSat1B,0.6018518518518517,0.9557522123893807
NA18565_h2_chr13,chr13,censat,proximal,13,3091115,3181785,90670,HSat3,0.49074074074074064,0.9557522123893807
NA18565_h2_chr21,chr21,censat,proximal,13,3199981,3255412,55431,SST1,0.838235294117647,0.9315068493150686
NA18565_h2_chr22,chr22,censat,proximal,5,1225640,1294912,69272,bSat,0.7794117647058824,0.9315068493150686
NA18570_h1_chr13,chr13,censat,distal,1,64534,172675,108141,ACRO,0.8491379310344828,0.9789029535864978
NA18570_h1_chr13,chr13,censat,distal,8,1894618,2149557,254939,ACRO,0.9508928571428572,0.797153024911032
NA18570_h1_chr13,chr13,censat,proximal,13,5649613,5724774,75161,HSat3,0.49074074074074064,0.9557522123893807
NA18570_h1_chr15,chr15,censat,distal,1,73442,259998,186556,ACRO,0.8491379310344828,0.9789029535864978
NA18570_h1_chr15,chr15,censat,distal,8,2221730,2532250,310520,ACRO,0.9508928571428572,0.797153024911032
NA18570_h1_chr22,chr22,censat,distal,1,72264,188524,116260,ACRO,0.8491379310344828,0.9789029535864978
NA18570_h1_chr14,chr14,censat,proximal,13,2996021,3052770,56749,HSat1B,0.6018518518518517,0.9557522123893807
NA18570_h1_chr21,chr21,censat,proximal,13,3466300,3528784,62484,SST1,0.838235294117647,0.9315068493150686
NA18570_h2_chr14,chr14,censat,distal,1,74315,183490,109175,ACRO,0.8491379310344828,0.9789029535864978
NA18570_h2_chr14,chr14,censat,distal,8,2165131,2406505,241374,ACRO,0.9508928571428572,0.797153024911032
NA18570_h2_chr15,chr15,censat,distal,1,72587,199081,126494,ACRO,0.8491379310344828,0.9789029535864978
NA18570_h2_chr15,chr15,censat,distal,-1,2453946,2725011,271065,,,0.0
NA18570_h2_chr15,chr15,censat,distal,-1,2825941,2887740,61799,,,0.0
NA18570_h2_chr15,chr15,censat,distal,8,3045716,3115792,70076,ACRO,0.9508928571428572,0.797153024911032
NA18570_h2_chr22,chr22,censat,proximal,5,4896300,5016082,119782,bSat,0.7794117647058824,0.9315068493150686
NA18608_h1_chr13,chr13,censat,proximal,13,3341163,3441703,100540,HSat3,0.49074074074074064,0.9557522123893807
NA18608_h1_chr14,chr14,censat,proximal,13,7155664,7227943,72279,HSat1B,0.6018518518518517,0.9557522123893807
NA18608_h1_chr22,chr22,censat,proximal,5,1728054,1797354,69300,bSat,0.7794117647058824,0.9315068493150686
NA18608_h2_chr14,chr14,censat,distal,-1,2323518,2405170,81652,,,0.0
NA18608_h2_chr14,chr14,censat,distal,-1,2506102,2567901,61799,,,0.0
NA18608_h2_chr14,chr14,censat,distal,8,2724600,2794676,70076,ACRO,0.9508928571428572,0.797153024911032
NA18608_h2_chr14,chr14,censat,proximal,13,6636026,6706896,70870,HSat1B,0.6018518518518517,0.9557522123893807
NA18608_h2_chr21,chr21,censat,proximal,13,3541705,3599929,58224,SST1,0.838235294117647,0.9315068493150686
NA18608_h2_chr13,chr13,censat,proximal,13,3509445,3574742,65297,HSat3,0.49074074074074064,0.9557522123893807
NA18608_h2_chr22,chr22,censat,proximal,5,1867470,2094557,227087,bSat,0.7794117647058824,0.9315068493150686
NA18620_h1_chr22,chr22,censat,proximal,5,2368398,2570226,201828,bSat,0.7794117647058824,0.9315068493150686
NA18620_h2_chr14,chr14,censat,proximal,13,5285048,5343260,58212,HSat1B,0.6018518518518517,0.9557522123893807
NA18747_h1_chr21,chr21,censat,proximal,13,3127708,3232424,104716,SST1,0.838235294117647,0.9315068493150686
NA18747_h2_chr13,chr13,censat,proximal,13,3691263,3801732,110469,HSat3,0.49074074074074064,0.9557522123893807
NA18747_h2_chr21,chr21,censat,proximal,13,3400273,3464159,63886,SST1,0.838235294117647,0.9315068493150686
NA18879_h1_chr14,chr14,censat,distal,1,70952,159314,88362,ACRO,0.8491379310344828,0.9789029535864978
NA18879_h1_chr14,chr14,censat,distal,8,2395738,2694613,298875,ACRO,0.9508928571428572,0.797153024911032
NA18879_h1_chr14,chr14,censat,proximal,13,7873188,7932788,59600,HSat1B,0.6018518518518517,0.9557522123893807
NA18879_h1_chr15,chr15,censat,distal,1,67192,189335,122143,ACRO,0.8491379310344828,0.9789029535864978
NA18879_h1_chr15,chr15,censat,distal,8,1839050,2086232,247182,ACRO,0.9508928571428572,0.797153024911032
NA18879_h1_chr21,chr21,censat,proximal,13,5892978,5969572,76594,SST1,0.838235294117647,0.9315068493150686
NA18879_h2_chr22,chr22,censat,distal,1,72500,198397,125897,ACRO,0.8491379310344828,0.9789029535864978
NA18879_h2_chr22,chr22,censat,distal,8,2574817,2741845,167028,ACRO,0.9508928571428572,0.797153024911032
NA18879_h2_chr13,chr13,censat,proximal,11,3088055,3215420,127365,HSat3,0.9869402985074627,0.9907578558225509
NA18879_h2_chr15,chr15,censat,distal,9,1674054,4788143,3114089,,,0.0097442143727162
NA18952_h1_chr14,chr14,censat,proximal,13,3452326,3530246,77920,HSat1B,0.6018518518518517,0.9557522123893807
NA18952_h1_chr22,chr22,censat,proximal,5,1542152,1687198,145046,bSat,0.7794117647058824,0.9315068493150686
NA18952_h2_chr14,chr14,censat,proximal,13,2578278,2658946,80668,HSat1B,0.6018518518518517,0.9557522123893807
NA18952_h2_chr21,chr21,censat,proximal,13,3356363,3410386,54023,SST1,0.838235294117647,0.9315068493150686
NA18971_h1_chr22,chr22,censat,distal,1,71386,302045,230659,ACRO,0.8491379310344828,0.9789029535864978
NA18971_h1_chr22,chr22,censat,distal,8,2137220,2369642,232422,ACRO,0.9508928571428572,0.797153024911032
NA18971_h1_chr22,chr22,censat,proximal,5,4389736,4496886,107150,bSat,0.7794117647058824,0.9315068493150686
NA18971_h1_chr13,chr13,censat,proximal,13,3261064,3324954,63890,HSat3,0.49074074074074064,0.9557522123893807
NA18971_h1_chr21,chr21,censat,proximal,13,3340234,3415391,75157,SST1,0.838235294117647,0.9315068493150686
NA18971_h2_chr21,chr21,censat,distal,8,4691034,4968098,277064,ACRO,0.9508928571428572,0.797153024911032
NA18971_h2_chr21,chr21,censat,proximal,13,9509063,9595475,86412,SST1,0.838235294117647,0.9315068493150686
NA18971_h2_chr22,chr22,censat,proximal,5,4260728,4443636,182908,bSat,0.7794117647058824,0.9315068493150686
NA18971_h2_chr13,chr13,censat,proximal,7,2007689,2075570,67881,HSat1B,0.9656862745098038,0.9760765550239235
NA18971_h2_chr13,chr13,censat,proximal,11,3264433,3366377,101944,HSat3,0.9869402985074627,0.9907578558225509
NA18974_h1_chr22,chr22,censat,distal,1,67175,167337,100162,ACRO,0.8491379310344828,0.9789029535864978
NA18974_h1_chr22,chr22,censat,distal,8,3839061,3999087,160026,ACRO,0.9508928571428572,0.797153024911032
NA18974_h1_chr22,chr22,censat,proximal,5,6228422,6291385,62963,bSat,0.7794117647058824,0.9315068493150686
NA18974_h1_chr14,chr14,censat,proximal,13,3294533,3366744,72211,HSat1B,0.6018518518518517,0.9557522123893807
NA18974_h2_chr13,chr13,censat,distal,1,62532,120360,57828,ACRO,0.8491379310344828,0.9789029535864978
NA18974_h2_chr13,chr13,censat,distal,-1,1633538,1720886,87348,,,0.0
NA18974_h2_chr13,chr13,censat,distal,8,1821184,1882796,61612,ACRO,0.9508928571428572,0.797153024911032
NA18976_h1_chr22,chr22,censat,distal,1,67522,273619,206097,ACRO,0.8491379310344828,0.9789029535864978
NA18976_h1_chr22,chr22,censat,distal,8,1840329,2272296,431967,ACRO,0.9508928571428572,0.797153024911032
NA18976_h1_chr22,chr22,censat,proximal,5,4215021,4277977,62956,bSat,0.7794117647058824,0.9315068493150686
NA18976_h1_chr13,chr13,censat,proximal,13,3705070,3767549,62479,HSat3,0.49074074074074064,0.9557522123893807
NA18976_h2_chr15,chr15,censat,distal,1,65618,260452,194834,ACRO,0.8491379310344828,0.9789029535864978
NA18976_h2_chr15,chr15,censat,distal,8,3295277,3448513,153236,ACRO,0.9508928571428572,0.797153024911032
NA18976_h2_chr22,chr22,censat,distal,1,66461,273021,206560,ACRO,0.8491379310344828,0.9789029535864978
NA18976_h2_chr22,chr22,censat,distal,8,1873353,2078743,205390,ACRO,0.9508928571428572,0.797153024911032
NA18976_h2_chr22,chr22,censat,proximal,5,4226380,4434610,208230,bSat,0.7794117647058824,0.9315068493150686
NA18983_h1_chr13,chr13,censat,proximal,13,3718734,3776984,58250,HSat3,0.49074074074074064,0.9557522123893807
NA18983_h1_chr22,chr22,censat,proximal,5,1495876,1552507,56631,bSat,0.7794117647058824,0.9315068493150686
NA18983_h2_chr22,chr22,censat,proximal,5,1578173,1666386,88213,bSat,0.7794117647058824,0.9315068493150686
NA18983_h2_chr14,chr14,censat,proximal,13,4384235,4476156,91921,HSat1B,0.6018518518518517,0.9557522123893807
NA19036_h1_chr14,chr14,censat,distal,1,66017,628633,562616,ACRO,0.8491379310344828,0.9789029535864978
NA19036_h1_chr14,chr14,censat,distal,8,2411077,2609714,198637,ACRO,0.9508928571428572,0.797153024911032
NA19036_h1_chr14,chr14,censat,proximal,13,8431695,8495500,63805,HSat1B,0.6018518518518517,0.9557522123893807
NA19036_h2_chr14,chr14,censat,proximal,6,2211011,2261472,50461,,,0.017057569296375266
NA19036_h2_chr14,chr14,censat,proximal,13,4938048,5023178,85130,HSat1B,0.6018518518518517,0.9557522123893807
NA19036_h2_chr21,chr21,censat,proximal,13,3354063,3440539,86476,SST1,0.838235294117647,0.9315068493150686
NA19036_h2_chr22,chr22,censat,proximal,12,5969647,6040627,70980,bSat,0.9874999999999999,0.9911504424778761
NA19043_h1_chr14,chr14,censat,distal,1,70423,237263,166840,ACRO,0.8491379310344828,0.9789029535864978
NA19043_h1_chr14,chr14,censat,proximal,6,6861264,6911758,50494,,,0.017057569296375266
NA19043_h1_chr14,chr14,censat,proximal,13,9207861,9323968,116107,HSat1B,0.6018518518518517,0.9557522123893807
NA19043_h1_chr22,chr22,censat,distal,1,70287,159549,89262,ACRO,0.8491379310344828,0.9789029535864978
NA19043_h1_chr22,chr22,censat,distal,8,2110694,2295718,185024,ACRO,0.9508928571428572,0.797153024911032
NA19043_h2_chr22,chr22,censat,distal,1,8959,90533,81574,ACRO,0.8491379310344828,0.9789029535864978
NA19043_h2_chr22,chr22,censat,distal,8,2370442,2643885,273443,ACRO,0.9508928571428572,0.797153024911032
NA19043_h2_chr22,chr22,censat,proximal,5,4646535,4716014,69479,bSat,0.7794117647058824,0.9315068493150686
NA19043_h2_chr21,chr21,censat,proximal,13,3792487,3870417,77930,SST1,0.838235294117647,0.9315068493150686
NA19087_h1_chr21,chr21,censat,proximal,13,3481626,3534240,52614,SST1,0.838235294117647,0.9315068493150686
NA19087_h1_chr13,chr13,censat,proximal,13,3578450,3669186,90736,HSat3,0.49074074074074064,0.9557522123893807
NA19087_h2_chr14,chr14,censat,distal,1,72932,231315,158383,ACRO,0.8491379310344828,0.9789029535864978
NA19087_h2_chr14,chr14,censat,distal,8,2615359,2919308,303949,ACRO,0.9508928571428572,0.797153024911032
NA19087_h2_chr15,chr15,censat,distal,1,72253,237496,165243,ACRO,0.8491379310344828,0.9789029535864978
NA19087_h2_chr15,chr15,censat,distal,-1,2656656,2737702,81046,,,0.0
NA19087_h2_chr15,chr15,censat,distal,8,2838648,2900260,61612,ACRO,0.9508928571428572,0.797153024911032
NA19087_h2_chr22,chr22,censat,distal,8,1801763,2000527,198764,ACRO,0.9508928571428572,0.797153024911032
NA19087_h2_chr22,chr22,censat,proximal,5,4060111,4135689,75578,bSat,0.7794117647058824,0.9315068493150686
NA19087_h2_chr13,chr13,censat,proximal,13,3642597,3754448,111851,HSat3,0.49074074074074064,0.9557522123893807
NA19159_h1_chr14,chr14,censat,distal,1,74739,379650,304911,ACRO,0.8491379310344828,0.9789029535864978
NA19159_h1_chr14,chr14,censat,proximal,6,4349756,4406552,56796,,,0.017057569296375266
NA19159_h1_chr14,chr14,censat,proximal,13,6729922,6813605,83683,HSat1B,0.6018518518518517,0.9557522123893807
NA19159_h1_chr15,chr15,censat,distal,1,68509,118893,50384,ACRO,0.8491379310344828,0.9789029535864978
NA19159_h1_chr15,chr15,censat,distal,8,2904895,3101945,197050,ACRO,0.9508928571428572,0.797153024911032
NA19159_h1_chr21,chr21,censat,distal,8,1457960,1696971,239011,ACRO,0.9508928571428572,0.797153024911032
NA19159_h1_chr21,chr21,censat,proximal,13,8323224,8406876,83652,SST1,0.838235294117647,0.9315068493150686
NA19159_h1_chr22,chr22,censat,proximal,18,4662924,4782602,119678,HSat3,0.9897660818713451,0.9927431059506531
NA19159_h2_chr21,chr21,censat,proximal,13,5844994,5913039,68045,SST1,0.838235294117647,0.9315068493150686
NA19159_h2_chr13,chr13,censat,proximal,13,3143526,3287731,144205,HSat3,0.49074074074074064,0.9557522123893807
NA19185_h1_chr13,chr13,censat,distal,1,65000,172489,107489,ACRO,0.8491379310344828,0.9789029535864978
NA19185_h1_chr13,chr13,censat,distal,-1,1399328,1499318,99990,,,0.0
NA19185_h1_chr13,chr13,censat,distal,8,1599619,1661134,61515,ACRO,0.9508928571428572,0.797153024911032
NA19185_h1_chr21,chr21,censat,proximal,13,2554971,2614619,59648,SST1,0.838235294117647,0.9315068493150686
NA19185_h1_chr22,chr22,censat,proximal,7,3375882,3451176,75294,HSat3,0.9896449704142011,0.9926578560939795
NA19185_h1_chr14,chr14,censat,proximal,13,5485292,5595796,110504,HSat1B,0.6018518518518517,0.9557522123893807
NA19185_h2_chr13,chr13,censat,distal,1,67655,215034,147379,ACRO,0.8491379310344828,0.9789029535864978
NA19185_h2_chr13,chr13,censat,distal,8,1868819,2087109,218290,ACRO,0.9508928571428572,0.797153024911032
NA19185_h2_chr13,chr13,censat,proximal,13,5759171,5862566,103395,HSat3,0.49074074074074064,0.9557522123893807
NA19185_h2_chr14,chr14,censat,distal,8,2896720,2970457,73737,ACRO,0.9508928571428572,0.797153024911032
NA19185_h2_chr22,chr22,censat,proximal,12,6040130,6111106,70976,bSat,0.9874999999999999,0.9911504424778761
NA19338_h1_chr13,chr13,censat,distal,1,80986,208402,127416,ACRO,0.8491379310344828,0.9789029535864978
NA19338_h1_chr13,chr13,censat,distal,-1,2182702,2242973,60271,,,0.0
NA19338_h1_chr13,chr13,censat,distal,-1,2347114,2408680,61566,,,0.0
NA19338_h1_chr13,chr13,censat,distal,8,2545322,2597924,52602,ACRO,0.9508928571428572,0.797153024911032
NA19338_h1_chr13,chr13,censat,proximal,13,6176009,6228688,52679,HSat3,0.49074074074074064,0.9557522123893807
NA19338_h1_chr14,chr14,censat,distal,1,174500,319724,145224,ACRO,0.8491379310344828,0.9789029535864978
NA19338_h1_chr14,chr14,censat,distal,-1,3661109,3723195,62086,,,0.0
NA19338_h1_chr14,chr14,censat,distal,8,3954063,4012965,58902,ACRO,0.9508928571428572,0.797153024911032
NA19338_h1_chr22,chr22,censat,proximal,5,2105411,2162053,56642,bSat,0.7794117647058824,0.9315068493150686
NA19338_h2_chr21,chr21,censat,distal,1,70147,371707,301560,ACRO,0.8491379310344828,0.9789029535864978
NA19391_h1_chr14,chr14,censat,distal,1,70299,262553,192254,ACRO,0.8491379310344828,0.9789029535864978
NA19391_h1_chr14,chr14,censat,distal,8,2834693,3159729,325036,ACRO,0.9508928571428572,0.797153024911032
NA19391_h1_chr14,chr14,censat,proximal,13,8014717,8084182,69465,HSat1B,0.6018518518518517,0.9557522123893807
NA19391_h1_chr21,chr21,censat,proximal,13,3724447,3781260,56813,SST1,0.838235294117647,0.9315068493150686
NA19391_h2_chr14,chr14,censat,distal,1,72559,218243,145684,ACRO,0.8491379310344828,0.9789029535864978
NA19391_h2_chr14,chr14,censat,distal,-1,6493965,6587075,93110,,,0.0
NA19391_h2_chr14,chr14,censat,distal,8,6864415,6932918,68503,ACRO,0.9508928571428572,0.797153024911032
NA19391_h2_chr14,chr14,censat,proximal,13,11495774,11558151,62377,HSat1B,0.6018518518518517,0.9557522123893807
NA19391_h2_chr22,chr22,censat,distal,1,76370,403826,327456,ACRO,0.8491379310344828,0.9789029535864978
NA19391_h2_chr22,chr22,censat,distal,8,2160751,2451833,291082,ACRO,0.9508928571428572,0.797153024911032
NA19391_h2_chr22,chr22,censat,proximal,5,4279365,4342314,62949,bSat,0.7794117647058824,0.9315068493150686
NA19391_h2_chr21,chr21,censat,proximal,13,3548380,3632048,83668,SST1,0.838235294117647,0.9315068493150686
NA19443_h1_chr13,chr13,censat,distal,1,62157,209408,147251,ACRO,0.8491379310344828,0.9789029535864978
NA19443_h1_chr13,chr13,censat,distal,8,2972207,3035426,63219,ACRO,0.9508928571428572,0.797153024911032
NA19443_h1_chr22,chr22,censat,proximal,5,2551092,2607755,56663,bSat,0.7794117647058824,0.9315068493150686
NA19443_h1_chr21,chr21,censat,proximal,13,4890379,4944369,53990,SST1,0.838235294117647,0.9315068493150686
NA19443_h2_chr14,chr14,censat,distal,4,1026279,1165554,139275,HSat3,0.9926160337552743,0.9947534102833159
NA19443_h2_chr14,chr14,censat,distal,6,1265850,1327462,61612,HSat3,0.9926778242677824,0.9947970863683663
NA19443_h2_chr14,chr14,censat,distal,8,1488375,1555206,66831,ACRO,0.9508928571428572,0.797153024911032
NA19443_h2_chr14,chr14,censat,proximal,13,6004406,6137371,132965,HSat1B,0.6018518518518517,0.9557522123893807
NA19443_h2_chr21,chr21,censat,distal,1,65399,186211,120812,ACRO,0.8491379310344828,0.9789029535864978
NA19443_h2_chr21,chr21,censat,distal,8,1905827,2178557,272730,ACRO,0.9508928571428572,0.797153024911032
NA19443_h2_chr21,chr21,censat,proximal,13,6607186,6678072,70886,SST1,0.838235294117647,0.9315068493150686
NA19468_h1_chr21,chr21,censat,distal,1,71563,173330,101767,ACRO,0.8491379310344828,0.9789029535864978
NA19468_h1_chr21,chr21,censat,distal,8,4802883,4882857,79974,ACRO,0.9508928571428572,0.797153024911032
NA19468_h1_chr21,chr21,censat,proximal,13,8722926,8812093,89167,SST1,0.838235294117647,0.9315068493150686
NA19468_h1_chr22,chr22,censat,distal,8,2890508,2953679,63171,ACRO,0.9508928571428572,0.797153024911032
NA19468_h2_chr14,chr14,censat,distal,1,68689,208510,139821,ACRO,0.8491379310344828,0.9789029535864978
NA19468_h2_chr14,chr14,censat,distal,8,2806182,2874685,68503,ACRO,0.9508928571428572,0.797153024911032
NA19468_h2_chr14,chr14,censat,proximal,13,7677504,7769662,92158,HSat1B,0.6018518518518517,0.9557522123893807
NA19468_h2_chr21,chr21,censat,distal,1,71428,275608,204180,ACRO,0.8491379310344828,0.9789029535864978
NA19468_h2_chr21,chr21,censat,distal,8,3281449,3412179,130730,ACRO,0.9508928571428572,0.797153024911032
NA19468_h2_chr21,chr21,censat,proximal,13,9427297,9498176,70879,SST1,0.838235294117647,0.9315068493150686
NA19468_h2_chr22,chr22,censat,distal,1,66581,196502,129921,ACRO,0.8491379310344828,0.9789029535864978
NA19468_h2_chr22,chr22,censat,distal,8,2747070,2934422,187352,ACRO,0.9508928571428572,0.797153024911032
NA19682_h1_chr14,chr14,censat,distal,1,65508,179341,113833,ACRO,0.8491379310344828,0.9789029535864978
NA19682_h1_chr14,chr14,censat,distal,8,2621657,2700104,78447,ACRO,0.9508928571428572,0.797153024911032
NA19682_h1_chr22,chr22,censat,proximal,5,1856603,1932170,75567,bSat,0.7794117647058824,0.9315068493150686
NA19682_h1_chr21,chr21,censat,proximal,13,3314301,3389446,75145,SST1,0.838235294117647,0.9315068493150686
NA19682_h2_chr13,chr13,censat,proximal,13,4114736,4226601,111865,HSat3,0.49074074074074064,0.9557522123893807
NA19682_h2_chr21,chr21,censat,proximal,13,3191490,3260995,69505,SST1,0.838235294117647,0.9315068493150686
NA19700_h1_chr15,chr15,censat,distal,1,75093,175101,100008,ACRO,0.8491379310344828,0.9789029535864978
NA19700_h1_chr15,chr15,censat,distal,-1,2167141,2379427,212286,,,0.0
NA19700_h1_chr15,chr15,censat,distal,-1,2480366,2541932,61566,,,0.0
NA19700_h1_chr15,chr15,censat,distal,8,2678563,2730685,52122,ACRO,0.9508928571428572,0.797153024911032
NA19700_h1_chr14,chr14,censat,proximal,13,5108920,5192459,83539,HSat1B,0.6018518518518517,0.9557522123893807
NA19700_h2_chr13,chr13,censat,proximal,13,4291700,4359684,67984,HSat3,0.49074074074074064,0.9557522123893807
NA19700_h2_chr14,chr14,censat,proximal,6,1661371,1718130,56759,,,0.017057569296375266
NA19700_h2_chr14,chr14,censat,proximal,13,4396219,4479814,83595,HSat1B,0.6018518518518517,0.9557522123893807
NA19776_h1_chr13,chr13,censat,proximal,13,3253445,3344149,90704,HSat3,0.49074074074074064,0.9557522123893807
NA19776_h1_chr14,chr14,censat,proximal,13,5196505,5257516,61011,HSat1B,0.6018518518518517,0.9557522123893807
NA19776_h1_chr21,chr21,censat,proximal,13,3076727,3163182,86455,SST1,0.838235294117647,0.9315068493150686
NA19776_h2_chr21,chr21,censat,distal,1,66207,127883,61676,ACRO,0.8491379310344828,0.9789029535864978
NA19776_h2_chr21,chr21,censat,distal,8,1783856,2020154,236298,ACRO,0.9508928571428572,0.797153024911032
NA19776_h2_chr21,chr21,censat,proximal,13,6193673,6251902,58229,SST1,0.838235294117647,0.9315068493150686
NA19776_h2_chr13,chr13,censat,proximal,13,3337486,3439437,101951,HSat3,0.49074074074074064,0.9557522123893807
NA19835_h1_chr13,chr13,censat,proximal,13,2929250,3053724,124474,HSat3,0.49074074074074064,0.9557522123893807
NA19835_h1_chr14,chr14,censat,proximal,13,3199691,3267736,68045,HSat1B,0.6018518518518517,0.9557522123893807
NA19835_h1_chr22,chr22,censat,proximal,5,1785550,1842216,56666,bSat,0.7794117647058824,0.9315068493150686
NA19835_h2_chr13,chr13,censat,distal,1,94080,554953,460873,ACRO,0.8491379310344828,0.9789029535864978
NA19835_h2_chr13,chr13,censat,distal,8,3155904,3237556,81652,ACRO,0.9508928571428572,0.797153024911032
NA19835_h2_chr13,chr13,censat,proximal,13,8052272,8104756,52484,HSat3,0.49074074074074064,0.9557522123893807
NA19835_h2_chr14,chr14,censat,proximal,13,5070340,5136997,66657,HSat1B,0.6018518518518517,0.9557522123893807
NA19909_h1_chr13,chr13,censat,proximal,13,3058288,3184456,126168,HSat3,0.49074074074074064,0.9557522123893807
NA19909_h1_chr22,chr22,censat,proximal,5,1553114,1666507,113393,bSat,0.7794117647058824,0.9315068493150686
NA19909_h1_chr14,chr14,censat,distal,1,64586,246856,182270,ACRO,0.8491379310344828,0.9789029535864978
NA19909_h1_chr14,chr14,censat,distal,-1,4046000,4106464,60464,,,0.0
NA19909_h1_chr14,chr14,censat,distal,8,4243139,4295985,52846,ACRO,0.9508928571428572,0.797153024911032
NA19909_h1_chr14,chr14,censat,proximal,13,8065859,8124050,58191,HSat1B,0.6018518518518517,0.9557522123893807
NA19909_h1_chr21,chr21,censat,proximal,11,3656246,3711720,55474,HSat3,0.9868421052631579,0.9906890130353818
NA19909_h2_chr21,chr21,censat,distal,1,89924,198324,108400,ACRO,0.8491379310344828,0.9789029535864978
NA19909_h2_chr21,chr21,censat,distal,8,3707349,3765381,58032,ACRO,0.9508928571428572,0.797153024911032
NA19909_h2_chr21,chr21,censat,proximal,13,7942341,8010422,68081,SST1,0.838235294117647,0.9315068493150686
NA19909_h2_chr22,chr22,censat,distal,1,65256,234099,168843,ACRO,0.8491379310344828,0.9789029535864978
NA19909_h2_chr22,chr22,censat,distal,-1,1951880,2172010,220130,,,0.0
NA19909_h2_chr22,chr22,censat,distal,8,2272946,2334558,61612,ACRO,0.9508928571428572,0.797153024911032
NA19909_h2_chr13,chr13,censat,proximal,13,3948436,4037680,89244,HSat3,0.49074074074074064,0.9557522123893807
NA20282_h1_chr13,chr13,censat,proximal,13,4566092,4682134,116042,HSat3,0.49074074074074064,0.9557522123893807
NA20282_h1_chr22,chr22,censat,distal,1,5,196945,196940,ACRO,0.8491379310344828,0.9789029535864978
NA20282_h1_chr21,chr21,censat,proximal,13,5855190,5943077,87887,SST1,0.838235294117647,0.9315068493150686
NA20282_h1_chr14,chr14,censat,proximal,13,2884493,2979329,94836,HSat1B,0.6018518518518517,0.9557522123893807
NA20282_h2_chr21,chr21,censat,proximal,13,3423174,3520927,97753,SST1,0.838235294117647,0.9315068493150686
NA20282_h2_chr15,chr15,censat,distal,1,153549,237213,83664,ACRO,0.8491379310344828,0.9789029535864978
NA20282_h2_chr15,chr15,censat,distal,-1,4552806,4608266,55460,,,0.0
NA20282_h2_chr15,chr15,censat,distal,8,4839126,4898028,58902,ACRO,0.9508928571428572,0.797153024911032
NA20346_h1_chr21,chr21,censat,proximal,13,3986929,4098653,111724,SST1,0.838235294117647,0.9315068493150686
NA20346_h2_chr15,chr15,censat,distal,1,63590,205607,142017,ACRO,0.8491379310344828,0.9789029535864978
NA20346_h2_chr15,chr15,censat,distal,8,2943019,3116820,173801,ACRO,0.9508928571428572,0.797153024911032
NA20503_h1_chr13,chr13,censat,distal,1,75412,441308,365896,ACRO,0.8491379310344828,0.9789029535864978
NA20503_h1_chr13,chr13,censat,distal,8,3281146,3348663,67517,ACRO,0.9508928571428572,0.797153024911032
NA20503_h1_chr13,chr13,censat,proximal,13,7174286,7259332,85046,HSat3,0.49074074074074064,0.9557522123893807
NA20503_h1_chr14,chr14,censat,distal,1,9982,290382,280400,ACRO,0.8491379310344828,0.9789029535864978
NA20503_h1_chr14,chr14,censat,distal,8,3231007,3292619,61612,ACRO,0.9508928571428572,0.797153024911032
NA20503_h2_chr15,chr15,censat,distal,8,3600904,3700824,99920,ACRO,0.9508928571428572,0.797153024911032
NA20752_h1_chr14,chr14,censat,distal,1,81666,228570,146904,ACRO,0.8491379310344828,0.9789029535864978
NA20752_h1_chr14,chr14,censat,distal,-1,2066779,2147775,80996,,,0.0
NA20752_h1_chr14,chr14,censat,distal,8,2248053,2309665,61612,ACRO,0.9508928571428572,0.797153024911032
NA20752_h1_chr22,chr22,censat,proximal,5,1661389,1762229,100840,bSat,0.7794117647058824,0.9315068493150686
NA20752_h2_chr21,chr21,censat,distal,1,75710,485214,409504,ACRO,0.8491379310344828,0.9789029535864978
NA20752_h2_chr21,chr21,censat,distal,-1,3274678,3401637,126959,,,0.0
NA20752_h2_chr21,chr21,censat,distal,-1,3502578,3564377,61799,,,0.0
NA20752_h2_chr21,chr21,censat,distal,8,3722351,3792427,70076,ACRO,0.9508928571428572,0.797153024911032
NA20752_h2_chr21,chr21,censat,proximal,13,7942387,8016116,73729,SST1,0.838235294117647,0.9315068493150686
NA20752_h2_chr13,chr13,censat,proximal,13,4144300,4220891,76591,HSat3,0.49074074074074064,0.9557522123893807
NA20752_h2_chr14,chr14,censat,proximal,13,4583652,4653090,69438,HSat1B,0.6018518518518517,0.9557522123893807
NA20762_h1_chr14,chr14,censat,distal,1,65947,158456,92509,ACRO,0.8491379310344828,0.9789029535864978
NA20762_h1_chr14,chr14,censat,distal,8,1911126,2051276,140150,ACRO,0.9508928571428572,0.797153024911032
NA20762_h1_chr21,chr21,censat,distal,1,70721,253105,182384,ACRO,0.8491379310344828,0.9789029535864978
NA20762_h1_chr21,chr21,censat,distal,8,1787967,2092579,304612,ACRO,0.9508928571428572,0.797153024911032
NA20762_h1_chr21,chr21,censat,proximal,13,5631490,5733993,102503,SST1,0.838235294117647,0.9315068493150686
NA20762_h1_chr13,chr13,censat,proximal,13,3560557,3620191,59634,HSat3,0.49074074074074064,0.9557522123893807
NA20762_h2_chr22,chr22,censat,distal,1,90483,212149,121666,ACRO,0.8491379310344828,0.9789029535864978
NA20762_h2_chr22,chr22,censat,distal,8,3687466,3761204,73738,ACRO,0.9508928571428572,0.797153024911032
NA20762_h2_chr13,chr13,censat,proximal,13,3461781,3538360,76579,HSat3,0.49074074074074064,0.9557522123893807
NA20799_h1_chr22,chr22,censat,distal,1,65934,148192,82258,ACRO,0.8491379310344828,0.9789029535864978
NA20799_h1_chr22,chr22,censat,distal,8,1758061,2003968,245907,ACRO,0.9508928571428572,0.797153024911032
NA20799_h2_chr21,chr21,censat,proximal,13,2855940,2912756,56816,SST1,0.838235294117647,0.9315068493150686
NA20805_h1_chr13,chr13,censat,proximal,13,3493759,3578810,85051,HSat3,0.49074074074074064,0.9557522123893807
NA20805_h2_chr22,chr22,censat,distal,1,70098,347136,277038,ACRO,0.8491379310344828,0.9789029535864978
NA20805_h2_chr22,chr22,censat,distal,8,2369304,2572321,203017,ACRO,0.9508928571428572,0.797153024911032
NA20805_h2_chr13,chr13,censat,proximal,13,4211378,4287923,76545,HSat3,0.49074074074074064,0.9557522123893807
NA20806_h1_chr13,chr13,censat,distal,1,75688,270856,195168,ACRO,0.8491379310344828,0.9789029535864978
NA20806_h1_chr13,chr13,censat,distal,8,2797826,2859434,61608,ACRO,0.9508928571428572,0.797153024911032
NA20806_h1_chr13,chr13,censat,proximal,13,6895629,7137723,242094,HSat3,0.49074074074074064,0.9557522123893807
NA20806_h1_chr21,chr21,censat,distal,1,78424,267297,188873,ACRO,0.8491379310344828,0.9789029535864978
NA20806_h1_chr21,chr21,censat,distal,8,2051551,2308876,257325,ACRO,0.9508928571428572,0.797153024911032
NA20806_h1_chr21,chr21,censat,proximal,13,6066708,6120722,54014,SST1,0.838235294117647,0.9315068493150686
NA20806_h1_chr22,chr22,censat,distal,1,76209,296877,220668,ACRO,0.8491379310344828,0.9789029535864978
NA20806_h1_chr22,chr22,censat,distal,-1,3216669,3283941,67272,,,0.0
NA20806_h1_chr22,chr22,censat,distal,8,3384882,3446494,61612,ACRO,0.9508928571428572,0.797153024911032
NA20806_h1_chr22,chr22,censat,proximal,5,5660608,5716235,55627,bSat,0.7794117647058824,0.9315068493150686
NA20806_h2_chr15,chr15,censat,distal,1,70204,242127,171923,ACRO,0.8491379310344828,0.9789029535864978
NA20806_h2_chr15,chr15,censat,distal,-1,1768124,1865343,97219,,,0.0
NA20806_h2_chr15,chr15,censat,distal,8,1965661,2027273,61612,ACRO,0.9508928571428572,0.797153024911032
NA20806_h2_chr21,chr21,censat,distal,1,70853,262394,191541,ACRO,0.8491379310344828,0.9789029535864978
NA20806_h2_chr21,chr21,censat,distal,8,2316335,2527379,211044,ACRO,0.9508928571428572,0.797153024911032
NA20806_h2_chr13,chr13,censat,proximal,13,3534176,3651693,117517,HSat3,0.49074074074074064,0.9557522123893807
NA20809_h1_chr22,chr22,censat,distal,8,1193751,1274579,80828,ACRO,0.9508928571428572,0.797153024911032
NA20809_h1_chr22,chr22,censat,proximal,5,3034713,3122945,88232,bSat,0.7794117647058824,0.9315068493150686
NA20827_h1_chr13,chr13,censat,distal,1,74360,176184,101824,ACRO,0.8491379310344828,0.9789029535864978
NA20827_h1_chr13,chr13,censat,distal,8,2091682,2146642,54960,ACRO,0.9508928571428572,0.797153024911032
NA20827_h1_chr15,chr15,censat,distal,1,79802,477100,397298,ACRO,0.8491379310344828,0.9789029535864978
NA20827_h1_chr14,chr14,censat,distal,1,71485,179607,108122,ACRO,0.8491379310344828,0.9789029535864978
NA20827_h1_chr14,chr14,censat,distal,-1,2093274,2167945,74671,,,0.0
NA20827_h1_chr14,chr14,censat,distal,8,2268224,2329836,61612,ACRO,0.9508928571428572,0.797153024911032
NA20827_h1_chr14,chr14,censat,proximal,10,4937720,5000809,63089,,,0.018648018648018648
NA20827_h2_chr13,chr13,censat,distal,1,73489,135991,62502,ACRO,0.8491379310344828,0.9789029535864978
NA20827_h2_chr13,chr13,censat,distal,8,1814088,1881029,66941,ACRO,0.9508928571428572,0.797153024911032
NA20827_h2_chr13,chr13,censat,proximal,13,6400850,6509845,108995,HSat3,0.49074074074074064,0.9557522123893807
NA20827_h2_chr14,chr14,censat,distal,8,6247880,6309492,61612,ACRO,0.9508928571428572,0.797153024911032
NA20827_h2_chr15,chr15,censat,distal,1,11376,555738,544362,ACRO,0.8491379310344828,0.9789029535864978
NA20827_h2_chr15,chr15,censat,distal,8,2897495,3089791,192296,ACRO,0.9508928571428572,0.797153024911032
NA20827_h2_chr21,chr21,censat,distal,1,77496,262892,185396,ACRO,0.8491379310344828,0.9789029535864978
NA20827_h2_chr21,chr21,censat,distal,-1,1956962,2063561,106599,,,0.0
NA20827_h2_chr21,chr21,censat,distal,8,2163837,2225449,61612,ACRO,0.9508928571428572,0.797153024911032
NA20827_h2_chr21,chr21,censat,proximal,13,5952130,6025877,73747,SST1,0.838235294117647,0.9315068493150686
NA20850_h1_chr21,chr21,censat,distal,1,68713,232405,163692,ACRO,0.8491379310344828,0.9789029535864978
NA20850_h1_chr21,chr21,censat,distal,8,2188370,2438041,249671,ACRO,0.9508928571428572,0.797153024911032
NA20850_h1_chr21,chr21,censat,proximal,13,6792758,6860863,68105,SST1,0.838235294117647,0.9315068493150686
NA20850_h1_chr14,chr14,censat,proximal,10,2044244,2113640,69396,,,0.018648018648018648
NA20850_h2_chr22,chr22,censat,distal,1,69534,302633,233099,ACRO,0.8491379310344828,0.9789029535864978
NA20850_h2_chr22,chr22,censat,distal,8,2126430,2412703,286273,ACRO,0.9508928571428572,0.797153024911032
NA20850_h2_chr22,chr22,censat,proximal,5,4374501,4443772,69271,bSat,0.7794117647058824,0.9315068493150686
NA20870_h1_chr15,chr15,censat,distal,8,2564535,2691124,126589,ACRO,0.9508928571428572,0.797153024911032
NA20870_h1_chr14,chr14,censat,proximal,13,4306632,4384550,77918,HSat1B,0.6018518518518517,0.9557522123893807
NA20870_h2_chr14,chr14,censat,proximal,13,3220813,3298706,77893,HSat1B,0.6018518518518517,0.9557522123893807
NA20905_h1_chr21,chr21,censat,proximal,13,3411245,3466668,55423,SST1,0.838235294117647,0.9315068493150686
NA20905_h1_chr13,chr13,censat,proximal,13,3270734,3326160,55426,HSat3,0.49074074074074064,0.9557522123893807
NA20905_h1_chr14,chr14,censat,proximal,13,3145273,3234493,89220,HSat1B,0.6018518518518517,0.9557522123893807
NA20905_h2_chr21,chr21,censat,distal,1,76920,379459,302539,ACRO,0.8491379310344828,0.9789029535864978
NA20905_h2_chr21,chr21,censat,distal,8,1868283,2037252,168969,ACRO,0.9508928571428572,0.797153024911032
NA20905_h2_chr21,chr21,censat,proximal,13,5747557,5821296,73739,SST1,0.838235294117647,0.9315068493150686
NA20905_h2_chr22,chr22,censat,distal,1,74256,229061,154805,ACRO,0.8491379310344828,0.9789029535864978
NA20905_h2_chr22,chr22,censat,distal,8,2498463,2709336,210873,ACRO,0.9508928571428572,0.797153024911032
NA20905_h2_chr22,chr22,censat,proximal,5,4487804,4576008,88204,bSat,0.7794117647058824,0.9315068493150686
NA21093_h1_chr21,chr21,censat,proximal,13,3451069,3519157,68088,SST1,0.838235294117647,0.9315068493150686
NA21093_h1_chr14,chr14,censat,proximal,6,1819683,1889101,69418,,,0.017057569296375266
NA21093_h2_chr21,chr21,censat,distal,1,67842,248427,180585,ACRO,0.8491379310344828,0.9789029535864978
NA21093_h2_chr21,chr21,censat,distal,8,2010203,2225858,215655,ACRO,0.9508928571428572,0.797153024911032
NA21093_h2_chr21,chr21,censat,proximal,13,6125831,6208020,82189,SST1,0.838235294117647,0.9315068493150686
NA21093_h2_chr22,chr22,censat,distal,1,239,120921,120682,ACRO,0.8491379310344828,0.9789029535864978
NA21093_h2_chr22,chr22,censat,distal,8,1715458,1994366,278908,ACRO,0.9508928571428572,0.797153024911032
NA21102_h1_chr14,chr14,censat,proximal,13,3391461,3466558,75097,HSat1B,0.6018518518518517,0.9557522123893807
NA21102_h1_chr21,chr21,censat,proximal,13,3251518,3305538,54020,SST1,0.838235294117647,0.9315068493150686
NA21102_h1_chr22,chr22,censat,proximal,5,1572350,1647950,75600,bSat,0.7794117647058824,0.9315068493150686
NA21102_h2_chr14,chr14,censat,distal,1,67991,238009,170018,ACRO,0.8491379310344828,0.9789029535864978
NA21102_h2_chr14,chr14,censat,distal,-1,1718355,1839264,120909,,,0.0
NA21102_h2_chr14,chr14,censat,distal,8,1939614,2001227,61613,ACRO,0.9508928571428572,0.797153024911032
NA21102_h2_chr14,chr14,censat,proximal,13,6007169,6073767,66598,HSat1B,0.6018518518518517,0.9557522123893807
NA21102_h2_chr21,chr21,censat,distal,1,64877,317831,252954,ACRO,0.8491379310344828,0.9789029535864978
NA21102_h2_chr21,chr21,censat,distal,-1,2372790,2434279,61489,,,0.0
NA21102_h2_chr21,chr21,censat,distal,-1,2534554,2594518,59964,,,0.0
NA21102_h2_chr21,chr21,censat,distal,8,2752495,2822571,70076,ACRO,0.9508928571428572,0.797153024911032
NA21102_h2_chr21,chr21,censat,proximal,13,7442288,7530111,87823,SST1,0.838235294117647,0.9315068493150686
NA21102_h2_chr22,chr22,censat,distal,1,69339,392548,323209,ACRO,0.8491379310344828,0.9789029535864978
NA21102_h2_chr22,chr22,censat,distal,-1,3384118,3445965,61847,,,0.0
NA21102_h2_chr22,chr22,censat,distal,8,3603945,3674021,70076,ACRO,0.9508928571428572,0.797153024911032
NA21102_h2_chr22,chr22,censat,proximal,5,5448623,5511572,62949,bSat,0.7794117647058824,0.9315068493150686
NA21106_h1_chr14,chr14,censat,proximal,13,3503552,3588514,84962,HSat1B,0.6018518518518517,0.9557522123893807
NA21106_h2_chr13,chr13,censat,proximal,13,3238340,3321941,83601,HSat3,0.49074074074074064,0.9557522123893807
NA21106_h2_chr14,chr14,censat,distal,1,72682,280252,207570,ACRO,0.8491379310344828,0.9789029535864978
NA21106_h2_chr14,chr14,censat,distal,8,2646255,2713627,67372,ACRO,0.9508928571428572,0.797153024911032
NA21106_h2_chr14,chr14,censat,proximal,13,6238371,6295146,56775,HSat1B,0.6018518518518517,0.9557522123893807
NA21106_h2_chr21,chr21,censat,proximal,13,4490140,4562470,72330,SST1,0.838235294117647,0.9315068493150686
NA21110_h1_chr21,chr21,censat,proximal,13,3582261,3633465,51204,SST1,0.838235294117647,0.9315068493150686
NA21110_h1_chr22,chr22,censat,proximal,5,2261322,2317977,56655,bSat,0.7794117647058824,0.9315068493150686
NA21110_h1_chr14,chr14,censat,distal,8,684571,1036377,351806,ACRO,0.9508928571428572,0.797153024911032
NA21110_h1_chr14,chr14,censat,proximal,13,4080090,4143902,63812,HSat1B,0.6018518518518517,0.9557522123893807
NA21110_h2_chr13,chr13,censat,proximal,13,3564606,3700396,135790,HSat3,0.49074074074074064,0.9557522123893807
NA21110_h2_chr21,chr21,censat,proximal,13,4228144,4289178,61034,SST1,0.838235294117647,0.9315068493150686
NA21144_h1_chr21,chr21,censat,proximal,13,3221932,3292836,70904,SST1,0.838235294117647,0.9315068493150686
NA21144_h1_chr14,chr14,censat,proximal,13,3351421,3420834,69413,HSat1B,0.6018518518518517,0.9557522123893807
NA21144_h1_chr22,chr22,censat,distal,6,2083898,2171317,87419,HSat3,0.9926778242677824,0.9947970863683663
NA21144_h1_chr22,chr22,censat,distal,8,2271603,2332111,60508,ACRO,0.9508928571428572,0.797153024911032
NA21144_h2_chr14,chr14,censat,proximal,13,4805932,4902111,96179,HSat1B,0.6018518518518517,0.9557522123893807
NA21144_h2_chr22,chr22,censat,proximal,5,1526141,1582796,56655,bSat,0.7794117647058824,0.9315068493150686
NA21144_h2_chr13,chr13,censat,proximal,13,3310295,3393913,83618,HSat3,0.49074074074074064,0.9557522123893807
NA21144_h2_chr21,chr21,censat,proximal,13,2736897,2792310,55413,SST1,0.838235294117647,0.9315068493150686
